-3.93967519198013e-13,-3.93967519198013e-13,-3.93967519198013e-13
0.012440875262087446,0.01335459567216037,0.011527162560959175
0.024859485532359893,0.026685611578140478,0.023033438049423323
0.0372495886384695,0.03998663466890633,0.03451281028279344
0.049613090805765134,0.05326003023574833,0.04596680760021105
0.06195193099126174,0.06650813903350497,0.0573969755765418
0.07426791840410155,0.07973322949540848,0.06880477097287392
0.08656275719531319,0.09293738612340377,0.08019155598500854
0.09883816109444386,0.10612271838374603,0.09155870164093173
0.11109587171239223,0.11929137370243045,0.1029075997046968
0.12333759166080813,0.13244545266591984,0.1142396098353483
0.13556497622968577,0.1455870012868153,0.12555605394526392
0.14777954316403,0.15871789418870147,0.1368581443415495
0.15998283764224813,0.17184004138523926,0.14814711256036642
0.1721764392568541,0.18495539982782788,0.1594242155871569
0.184361895655851,0.19806590190929585,0.17069068350440833
0.19654072609362747,0.21117340054300102,0.1819477136067575
0.2087142871486693,0.22427961699390087,0.19319641037155957
0.22088399774720008,0.23738630641445205,0.20443787178380593
0.23305130759238957,0.25049527817028705,0.21567325205746937
0.2452176400749123,0.26360831173418237,0.22690367443447348
0.2573843833766131,0.27672714811083154,0.23813023340684986
0.26955280126920694,0.2898533735943111,0.24935392405606863
0.2817241950053355,0.302988623689477,0.2605757679511687
0.29389990974109886,0.3161345940011898,0.2717968188662805
0.306081268778216,0.3292929561990177,0.28301811116975534
0.3182695645258577,0.3424653491990899,0.29424065371486197
0.33046596968268105,0.35565326301677963,0.3054653597228942
0.34267169793054814,0.3688582418114842,0.316693171383881
0.3548880101090878,0.3820818944911775,0.3279250653521802
0.36711614873589116,0.39532581075686846,0.3391620015187325
0.379357328867581,0.40859155209044,0.35040491684925384
0.39161264975601434,0.4218805357841202,0.3616546558993098
0.4038832543102216,0.4351942371333877,0.3729120940536706
0.4161703350130072,0.44853419973690994,0.3841781427949371
0.4284750687759126,0.4619019516640534,0.39545369891842813
0.44079860773210733,0.4752989962824514,0.406739638344214
0.4531419914831408,0.48872670795248985,0.4180367473689487
0.4655063052088074,0.5021864889491303,0.4293458444256107
0.4778926853082253,0.5156798441310678,0.4406677851154134
0.49030226580707953,0.5292082553252747,0.4520034119373677
0.5027361255723944,0.5427731822264515,0.4633535480962132
0.5151952650211039,0.5563759471741047,0.47471892960947476
0.5276807212359226,0.5700179352222362,0.4861003254257549
0.5401935834162398,0.5837006037163588,0.4974985535127661
0.5527349286471078,0.5974253989435101,0.5089143868558854
0.5653058126283133,0.6111937466924671,0.5203486123976148
0.5779071835331072,0.625006937661305,0.5318019216349092
0.5905400367854596,0.6388663260604202,0.5432750392965636
0.6032054200753211,0.6527733387481846,0.5547687278596183
0.6159043697363348,0.6667293829630478,0.5662837385634211
0.6286379014701198,0.6807358776909143,0.5778208052632866
0.6414069252595517,0.6947940738701219,0.5893805786460188
0.654212398060586,0.7089052977469088,0.6009637424477025
0.6670553189547272,0.7230709366283247,0.612571017686977
0.6799367073477477,0.7372923918190004,0.6242031144644213
0.6928575281001776,0.7515710259377979,0.6358607258618582
0.705818653646897,0.7659080728259594,0.647544463428289
0.7188210022995347,0.7803048277238895,0.6592549710881436
0.7318655296027881,0.7947626553081832,0.670992920134602
0.7449532112043974,0.809282907934717,0.6827590003598646
0.7580849755195466,0.8238669157848978,0.6945538528239321
0.771261654367728,0.8385158754621289,0.7063780495914238
0.7844841234863489,0.8532310416697347,0.718232193916568
0.7977533063557712,0.8680137345707085,0.7301169238506316
0.8110701131388078,0.8828652588513094,0.7420328506927097
0.8244354314610677,0.897786893697761,0.7539806079939743
0.8378500456430651,0.9127797829639527,0.7659607159953807
0.851314780988461,0.9278451234940265,0.7779737342563597
0.8648305071334668,0.9429841717115542,0.7900202550962082
0.8783980781188307,0.9581981636788867,0.8021008583897741
0.8920183232107242,0.9734883048893104,0.8142161056826812
0.9056919680050527,0.9888556623127563,0.8263664804340677
0.9194197750976921,1.0043013487514918,0.8385524933512623
0.9332025469189101,1.019826528568127,0.850774685294579
0.9470410670982932,1.0354323541116386,0.8630335833029396
0.9609360913432626,1.0511199050249256,0.8753296948092497
0.9748882706631455,1.0668901453730681,0.8876634498069682
0.9888982879723286,1.0827440684932683,0.9000353027389936
1.002966850525951,1.0986827090394742,0.9124457350229966
1.0170946820056053,1.114707065710397,0.9248952124330524
1.0312824262968894,1.1308181038765421,0.9373841794334571
1.045530633985366,1.1470166039378744,0.9499130034521691
1.0598398921412409,1.1633034034713934,0.9624820730161907
1.074210809909138,1.1796793589163828,0.9750917998835299
1.088643968381601,1.1961452799657573,0.9877425779152867
1.103139911695794,1.2127019189555215,1.0004347763026937
1.1176990753573441,1.2293498710103181,1.0131686923842822
1.1323219248009009,1.2460897424790145,1.0259446332291775
1.147008913661871,1.2629221537938389,1.0387629428338405
1.1617604904211631,1.279847677647997,1.051623911037658
1.1765770519617254,1.2968667851787186,1.0645278290279718
1.1914588838459697,1.3139798115314327,1.0774749035415816
1.2064062818722854,1.3311870785234172,1.0904653542146696
1.2214195526556721,1.3484889059439495,1.103499414911987
1.236498962254464,1.365885541019241,1.1165772960274742
1.2516447277628648,1.3833771482103658,1.1296991793457665
1.2668569521367439,1.4009637178127174,1.1428651811634962
1.2821357397588187,1.4186452202810793,1.1560753946375593
1.2974812079242932,1.4364216075106813,1.1693299512286994
1.3128933944718535,1.454292745710626,1.1826289466971347
1.3283723121810147,1.4722584058710533,1.195972445325889
1.343917847659986,1.4903181901065745,1.2093604346911082
1.3595298799917679,1.5084716311033992,1.2227929056510751
1.3752082803787913,1.526718260359441,1.23626985290913
1.390952866170312,1.545057502011075,1.2497912414235461
1.406763393482981,1.563488674806721,1.2633570018554048
1.4226395003106858,1.5820109128074455,1.2769669885480088
1.4385808086482978,1.6006233028280397,1.2906210542021466
1.454586923822786,1.619324885145448,1.304319050097426
1.4706573918115158,1.6381145955902852,1.3180608059732104
1.4867916926538656,1.6569912586377542,1.3318460830984782
1.5029891884715552,1.6759535157291279,1.345674597489489
1.5192492298692228,1.6949999531499935,1.3595460492580873
1.5355711097846427,1.714129102899224,1.3734601321212445
1.5519540902308844,1.7333393906354788,1.387416504703798
1.568397354286336,1.7526291422229667,1.401414786855617
1.5848999698295314,1.7719964758457514,1.4154545248270856
1.6014609762645056,1.7914394847560098,1.4295352544206963
1.6180793836157203,1.8109561961311949,1.4436565006606727
1.6347541376939876,1.830544535879801,1.4578177518528357
1.6514841156719868,1.8502023258022,1.4720184564555365
1.6682680854700664,1.8699272299157852,1.4862579922402417
1.6851047840061122,1.8897168603352443,1.5005357232454961
1.7019929163342458,1.9095687788384568,1.5148509992432058
1.718931125310369,1.9294804583913912,1.5292031327559499
1.7359179884684859,1.9494492824556438,1.5435913965546244
1.752951983752422,1.9694725012189804,1.5580150081970388
1.7700315587245055,1.9895473246700377,1.5724731370800575
1.7871551297874024,2.009670924290213,1.5869649671675765
1.8043210566340369,2.0298404018036726,1.6014896359421262
1.8215276516826973,2.0500527903754606,1.6160462426309017
1.8387731085448282,2.070305020935073,1.630633826017996
1.856055626103168,2.090594001051373,1.6452514081547007
1.8733733656411022,2.110916616331598,1.6598979935268312
1.8907244405752368,2.131269706339841,1.6745725524977948
1.9081069159807067,2.1516500672288945,1.6892740202043262
1.9255187877863769,2.172054428065606,1.7040012789570296
1.9429580320580946,2.1924795141181073,1.7187531949136223
1.9604226041946218,2.2129220474417366,1.7335286171128925
1.9779104233534905,2.233378729736408,1.7483263643121778
1.995419373136064,2.253846256435173,1.7631452245970598
2.012947287623374,2.274321260767857,1.7779839424730501
2.0304919897638545,2.2948004227746233,1.7928412482370144
2.048051290321276,2.315280427222279,1.8077158568556952
2.0656229772696237,2.335757963366126,1.8226064582555213
2.0832048174303393,2.3562297288455594,1.837511717611344
2.100794549254732,2.3766924251226498,1.8524302671694601
2.118389909765272,2.3971427862924637,1.867360728072793
2.135988633053745,2.4175775766958485,1.882301709038293
2.153588444522809,2.4379935868142617,1.8972518001068186
2.1711870632400307,2.4583876371689426,1.9122095735452038
2.1887822012870286,2.478756582812839,1.9271735803786685
2.2063715788287475,2.4990973240140666,1.9421423753238156
2.2239529219763843,2.519406802044856,1.9571144722552294
2.2415239617149436,2.5396820012890307,1.972088405036839
2.259082436752772,2.5599199529501195,1.9870626870164672
2.276626099209234,2.580117748310448,2.002035822547334
2.2941527175617353,2.6002725312905692,2.0170063131448437
2.3116600737399313,2.6203814924549915,2.031972655568291
2.3291459665717484,2.6404418772310003,2.046933342340642
2.346608214953813,2.6604509893964297,2.0618868636033025
2.364044669630992,2.6804062128515502,2.0768317127895797
2.3814532039765566,2.700304976051758,2.091766384781697
2.3988317102565784,2.72014478635671,2.1066893735979253
2.416178107438617,2.739923180995598,2.1215991761600055
2.433490344571489,2.7596377728796213,2.1364942944795837
2.450766418407651,2.7792862699493224,2.151373245685483
2.468004352183268,2.7988664330483575,2.1662345521783175
2.4852021910669175,2.818376067037489,2.1810767388775156
2.502358014190194,2.837813041024552,2.195898340121086
2.5194699381880135,2.8571752917298543,2.2106979021014093
2.536536140414534,2.8764608614532636,2.2254739970688497
2.553554826085329,2.895667839953366,2.2402252055745717
2.570524222987516,2.914794354571806,2.254950113255818
2.587442597598753,2.9338385962922384,2.2696473207453236
2.6043082587887856,2.9527988232690485,2.284315446294061
2.6211195863725503,2.971673406354669,2.298953143959967
2.6378749871411715,2.990460756121035,2.3135590781240025
2.6545728889532665,3.0091593122928977,2.328131919818555
2.671211760802437,3.0277675754207425,2.3426703595205134
2.687790116711727,3.0462841107007637,2.357173109920577
2.7043065493503247,3.0647076005956206,2.3716389278966012
2.7207596756072037,3.0830367421035056,2.386066581576993
2.7371481302040164,3.1012703163911413,2.40045484624166
2.7534705663348724,3.1194070645189518,2.4148025198700984
2.7697257758830243,3.137445852904917,2.429108426037059
2.7859124956314623,3.155385651862575,2.443371439462216
2.802029575293617,3.1732254527775425,2.457590445973163
2.8180758547049822,3.1909642568863688,2.471764338027686
2.834050214499069,3.2086011172094655,2.485892032884079
2.8499515805180047,3.2261351431795413,2.4999724756184425
2.865778966629072,3.2435655657551012,2.5140046680343686
2.881531401672889,3.260891627421962,2.5279876219416284
2.8972079225357272,3.27811257091236,2.5419203543611864
2.9128076049917295,3.295227685652763,2.5558019081782977
2.9283295684237665,3.312236312832983,2.5696313552866243
2.943773022717975,3.329137915817345,2.5834078286326063
2.959137187132171,3.345931960386982,2.597130469274303
2.974421283276766,3.36261790352069,2.610798421336438
2.9896245690917724,3.3791952438901465,2.6244108549979397
3.0047463438939594,3.3956635273546776,2.6379669697723847
3.0197859989681994,3.412022422004301,2.6514660294525347
3.03474292919864,3.4282715899073484,2.6649073034468067
3.049616526050637,3.444410665752253,2.6782900615518543
3.0644062144091757,3.46043935269311,2.6916135991160606
3.079111457953106,3.476357364567574,2.704877240465929
3.0937318130456593,3.492164548028796,2.718080376507287
3.1082668339656103,3.5078607360677467,2.731222400856683
3.122716065962449,3.5234457371592702,2.7443027044946464
3.1370790746206807,3.53891939238227,2.757320702936848
3.1513554922397935,3.5542815816534037,2.7702758296119674
3.1655450127901883,3.5695323060437687,2.783167617035499
3.179647333324797,3.5846715461680967,2.7959955659623312
3.1936621365827307,3.599699251590619,2.808759181879142
3.2075891326673913,3.6146154005248086,2.8214579934377344
3.221428065025779,3.6294200063627007,2.8340915561885396
3.2351787697200827,3.6441132026710936,2.8466594947385055
3.248841070294619,3.658695096610504,2.8591614300469193
3.262414771124964,3.673165758632728,2.871596974001358
3.275899701061272,3.687525284289893,2.883965760066683
3.2892957196676136,3.701773801006475,2.896267447170179
3.302602778582346,3.715911555157263,2.9085017637529287
3.315820812363165,3.729938761572407,2.9206684314252747
3.3289497320302646,3.743855593548537,2.9327671595683844
3.341989470373838,3.757662234290666,2.944797677443384
3.354939988418049,3.771358944020299,2.9567597382204394
3.367801338484346,3.7849460282840988,2.9686531646679564
3.3805735517403597,3.7984238048238237,2.9804777696687217
3.3932566319552473,3.8117925337700345,2.992233350879414
3.4058506021787704,3.8250524943839,3.0039197241118814
3.4183555113921114,3.8382039921604334,3.0155367274945752
3.4307714989058264,3.8512474484320705,3.0270842685484816
3.443098679297787,3.8641832449362457,3.038562242046229
3.455337136391937,3.8770117144922414,3.049970524755099
3.4674869710283125,3.8897332065651677,3.061309009904256
3.4795483078626503,3.9023480944638336,3.0725776114639305
3.4915213607513707,3.9148568654720974,3.083776312364348
3.503406315720653,3.927259964247542,3.0949050801583358
3.5152033251747183,3.9395577838406495,3.105963861867265
3.526912556491141,3.951750731751216,3.1169526193526425
3.5385341989319405,3.9638392269848284,3.127871333696145
3.5500685296910945,3.9758238316900782,3.138720054327712
3.5615157954922183,3.9877050310491815,3.1494988129278596
3.5728762070284987,3.9994832674012595,3.16020759527994
3.5841499881346803,4.011158995594396,3.1708464929274065
3.5953373827740407,4.022732690249968,3.1814154765234135
3.6064387214481264,4.0342049356953735,3.1919146767589686
3.6174543019751493,4.045576269255626,3.202344181358929
3.6283843841610266,4.05684717296003,3.2127040532853113
3.6392292393173062,4.068018139633663,3.2229943673993806
3.64998914703034,4.079089680141851,3.233215214989385
3.6606645032784715,4.090062412680612,3.2433667540623365
3.671255637567265,4.100936906985884,3.2534491209311365
3.6817628506713094,4.111713676380653,3.263462425442373
3.692186453413814,4.122393243471443,3.273406788041809
3.702526773708147,4.132976147342798,3.283282344348606
3.712784222890995,4.14346303189718,3.29308929572847
3.7229591763366394,4.153854491536795,3.3028278202720385
3.7330519685812544,4.164151063546513,3.312498068163545
3.743062942914677,4.174353293160277,3.322100199001517
3.7529924584060423,4.1844617406792715,3.3316343762829073
3.762840955847368,4.194477068590862,3.341100859054583
3.7726088389342523,4.20439988921219,3.350499850368681
3.782296469609501,4.21423075740293,3.359831534824946
3.7919042174201945,4.223970234794857,3.3690961053638437
3.8014324665022317,4.233618896810635,3.378293767881716
3.8108816809320594,4.243177418327168,3.387424791837693
3.8202522868487656,4.252646423707976,3.396489420975978
3.8295446680113496,4.262026450681431,3.405487868984103
3.8387592147636918,4.271318159339574,3.4144203569219687
3.847896330955939,4.2805220474652685,3.4232871178334654
3.8569564985244207,4.28963880148782,3.4320884471347712
3.865940160889657,4.2986691266022845,3.440824613635968
3.8748477187206634,4.307613523045752,3.449495855345224
3.8836795783681612,4.316472594368665,3.4581024167725243
3.892436158702782,4.3252469310832815,3.4666445535232953
3.9011179547652772,4.333937210450281,3.4751225823303584
3.9097254227357667,4.342544087414115,3.4835367926252165
3.9182589758983526,4.351068118112743,3.4918874424874624
3.9267190324189682,4.3595098907597025,3.500174795717885
3.935106022083288,4.367869997185284,3.5083991264009895
3.943420448879305,4.37614912005873,3.5165607684565305
3.9516627777966074,4.384347892086888,3.524660027986085
3.959833406235749,4.392466889966971,3.5326971793663593
3.967932834765303,4.400506693706978,3.54067250199655
3.975961426259353,4.408467893078727,3.54858628481801
3.983919705855198,4.416351155238721,3.5564388752746767
3.991808157935385,4.424157130064136,3.5642305926367124
3.9996272217191153,4.431886379610888,3.571961724235748
4.007377288921766,4.439539479743385,3.5796325618015317
4.015058844422649,4.447117015299562,3.58724340592808
4.022672368919526,4.454619656032158,3.5947946143451155
4.0302183454184375,4.4620480230917465,3.6022865163978293
4.0376972044350765,4.469402683543628,3.609719381593933
4.045109379479916,4.476684206602131,3.6170935898155308
4.052455313413898,4.483893169734763,3.6244093813332396
4.0597355171844685,4.49103023235255,3.6316671106267098
4.066950463334638,4.4980960061605,3.6388671776833186
4.074100582697244,4.505091049941565,3.6460098567539503
4.081186308611555,4.512015924154118,3.6530954380633482
4.0882080729862125,4.518871196852336,3.660124251384569
4.095166404695434,4.525657515073569,3.667096666801329
4.102061763166976,4.532375479159002,3.6740130088931044
4.108894577443734,4.539025637794428,3.6808736213848583
4.115665278644351,4.545608540928414,3.6876788110309655
4.122374306015861,4.552124745504972,3.6944288833606787
4.129022162728808,4.558574884513129,3.701124207931703
4.1356093145833785,4.564959545349302,3.707765136127439
4.142136187025454,4.571279265104735,3.7143519809414833
4.148603207197477,4.577534581775035,3.7208850578739545
4.155010809830098,4.583726039802505,3.7273646891016683
4.161359491494888,4.589854256768471,3.7337912482418907
4.167649712050637,4.595919805841133,3.740165080841153
4.173881891809714,4.601923211299495,3.746486501278586
4.180056452447613,4.607864998016633,3.752755815846871
4.186173822729171,4.613745696810383,3.758973368284826
4.192234491186559,4.619565908772618,3.765139520602665
4.198238910371237,4.625326191821469,3.771254617791831
4.2041874941639605,4.631027056451899,3.777318974103385
4.210080657515974,4.63666901348538,3.783332905632088
4.215918822006543,4.642252579228671,3.7892967343039103
4.221702466924021,4.647778337446167,3.7952108305746277
4.227432036370204,4.6532468300137335,3.8010755375038667
4.233107936707326,4.658658552886135,3.806891167902241
4.238730575111857,4.664014002114895,3.8126580361469515
4.244300364961136,4.669313678815947,3.818376462072468
4.249817775304488,4.674558148801679,3.824046812588415
4.255283240849628,4.679747937314413,3.829669427637982
4.26069715954027,4.684883525201083,3.8352446174614774
4.266059929910476,4.689965393209212,3.8407726936198525
4.271371956299222,4.694994026764955,3.8462539727858216
4.27663369670667,4.699969973290392,3.851688817258592
4.281845575677036,4.704893740978268,3.857077562850529
4.2870079820006035,4.709765784521922,3.862420516263391
4.2921213048629605,4.714586600918908,3.8677179853015344
4.297185938887212,4.719356627636421,3.872970282561454
4.302202330377679,4.7240764040725045,3.8781777648271243
4.307170893100088,4.728746421106483,3.8833407629173657
4.3120920061020405,4.733367107492789,3.8884595791710934
4.316966048657074,4.737938974819552,3.8935345168367888
4.321793405134928,4.742462410660015,3.898565883658917
4.326574509641464,4.746937955242303,3.903554030143401
4.331309764684974,4.751366072535143,3.9084992813878356
4.335999539109335,4.755747199349668,3.9134019346720907
4.340644201837805,4.760081768818526,3.918262288014853
4.345244126572544,4.7643702177761185,3.9230806436560655
4.349799734844944,4.768613027690697,3.9278573451872223
4.354311417546455,4.772810683533309,3.9325927113771058
4.358779532968797,4.776963574020103,3.93728703386406
4.363204439356818,4.781072125915059,3.9419406048744916
4.367586499438973,4.785136759742802,3.9465537206009307
4.371926111369098,4.789157947909312,3.9511267171963538
4.376223685781812,4.793136121527153,3.955659906599739
4.380479538552146,4.797071694250246,3.960153574326444
4.384694017589798,4.800965066482552,3.9646080063469813
4.388867488145907,4.804816638910819,3.9690234923607477
4.393000364561509,4.8086268653893764,3.9734003606577812
4.3970929568333625,4.812396167279912,3.977738915940821
4.401145661451512,4.816124930682405,3.9820394372102497
4.405158793776041,4.819813540934047,3.986302203804728
4.409132678141563,4.823462386315764,3.9905274985709114
4.413067693096703,4.827071902380228,3.9947156415997136
4.4169642399465765,4.830642493496291,3.998866930034937
4.420822597723222,4.834174530227476,4.002981636049201
4.424643093452649,4.837668382324824,4.007060032050842
4.428426083764677,4.841124422269591,4.011102393750298
4.432171936427912,4.844543067626467,4.0151090327813055
4.4358809687058525,4.8479247060612405,4.019080238479925
4.439553508014191,4.85126969285963,4.023016275948238
4.44318986835492,4.854578382457104,4.026917410434209
4.446790356726629,4.857851131822676,4.030783910295902
4.450355351006416,4.861088340898305,4.034616078520539
4.45388517088623,4.864290380984988,4.038414196452961
4.457380119714561,4.867457592394759,4.042178515709152
4.460840500394983,4.870590314561986,4.045909312910242
4.464266619112074,4.873688889273319,4.049606830201711
4.467658819375308,4.8767536992555325,4.05327136803003
4.471017419841934,4.879785099822616,4.056903199622674
4.474342712896336,4.882783416654238,4.0605025714267065
4.477634990433506,4.885748974533944,4.06406974254184
4.4808945474344455,4.888682100430357,4.067604964465471
4.4841217146240435,4.891583160296574,4.071108516246518
4.487316798808995,4.8944524938691005,4.074580666365025
4.490480081531732,4.897290412566401,4.078021647966002
4.4936118438094725,4.900097226900163,4.081431722801279
4.4967123695630455,4.902873249412846,4.084811139253227
4.4997819769264975,4.905618829751849,4.088160145983874
4.502820961033309,4.908334292510677,4.091479026392639
4.505829592740998,4.911019935241294,4.094768000217536
4.508808142353659,4.913676054584825,4.0980272979171115
4.511756882908308,4.9163029490707055,4.101257178179954
4.514676120174886,4.918900952528943,4.10445789799276
4.517566137822058,4.921470374863365,4.107629705947261
4.520427196208833,4.924011500172018,4.110772830065759
4.523259555119218,4.926524611643741,4.1138874982165365
4.526063476910287,4.929009994224031,4.116973940589822
4.528839255242085,4.931467966428358,4.120032415978698
4.531587162552651,4.933898823937899,4.123063164796432
4.534307448913249,4.936302837822371,4.1260664075986
4.537000363804386,4.938680278248755,4.129042364749637
4.539666159129869,4.941031417019034,4.13199125880691
4.542305116716454,4.9433565578466645,4.134913339819454
4.544917498026917,4.945655982666352,4.13780884009081
4.547503543075493,4.947929949953848,4.1406779727672465
4.550063491275056,4.950178717292781,4.143520950772522
4.552597584321337,4.952402543789178,4.146337989102322
4.555106092502499,4.954601718872629,4.149129329164938
4.557589266578378,4.956776511212696,4.151895195247682
4.560047336753068,4.958927167130714,4.154635793168338
4.562480532623071,4.961053932069786,4.157351328495931
4.564889085936112,4.963157052891283,4.1600420087577845
4.567273255750581,4.9652368052609495,4.162708066847136
4.56963328240909,4.96729344506642,4.165349719149622
4.5719693865651685,4.969327206915994,4.1679671642553355
4.574281788262396,4.97133832455657,4.170560600483941
4.576570709571986,4.973327033056843,4.173130228006613
4.578836398642164,4.975293594837534,4.175676271346073
4.5810790856941885,4.977238253486384,4.178198939118672
4.583298982100329,4.979161232339339,4.1806984228046
4.585496298623823,4.981062753890135,4.183174913595925
4.587671247939576,4.982943041864855,4.185628604435862
4.5898240676129864,4.984802345954156,4.188059711636925
4.591954978047171,4.986640897924366,4.190468436193606
4.59406418160948,4.988458910276771,4.192854962608121
4.596151880062066,4.990256594691357,4.195219475080533
4.598218276969749,4.992034163997627,4.197562159467551
4.6002635996476196,4.993791855665035,4.199883224044952
4.602288058988736,4.9955298901112934,4.202182862345106
4.6042918486367235,4.997248469435633,4.204461252036085
4.606275161636127,4.998947794938388,4.206718570472842
4.6082381927318945,5.000628068992566,4.208954996578124
4.610181159324142,5.002289517347268,4.211170730775005
4.612104263106688,5.003932349536991,4.213365959303678
4.614007689283312,5.005556757684843,4.215540853151508
4.6158916224669655,5.007162933138628,4.217695582984568
4.617756248874812,5.008751068247441,4.219830320953023
4.619601776328193,5.010321377531347,4.22194525981987
4.621428397633417,5.011874060098112,4.224040578711118
4.6232362898393635,5.013409298512692,4.2261164420946375
4.625025629414046,5.014927274589054,4.2281730141112375
4.626796594339236,5.016428171076294,4.230210460307011
4.628549383192824,5.017912191745865,4.232228965984076
4.630284180204607,5.019379525725291,4.234228703338577
4.63200115455302,5.020830346430106,4.236209830486118
4.6337004748470045,5.022264826549873,4.238172505211701
4.635382311124197,5.023683139647709,4.240116886631252
4.637046853052074,5.025085479215082,4.242043152790196
4.638694276592802,5.0264720248345744,4.2439514691437745
4.640324743337015,5.0278429411711425,4.245841987627213
4.641938414318436,5.0291983921889765,4.2477148598434065
4.643535451919454,5.0305385329148145,4.249570238656069
4.645116037226541,5.031863576277696,4.251408295061497
4.646680338239783,5.033173663477147,4.253229187966389
4.64822850924183,5.034468960569418,4.255033063300671
4.649760703971907,5.035749605721044,4.2568200666618665
4.651277077442604,5.037015807703766,4.258590344842181
4.652777802484127,5.038267688421918,4.26034406199851
4.654263039435779,5.039505427087006,4.262081370683431
4.655732935548165,5.040729172015491,4.263802410998788
4.657187637542721,5.04193906677025,4.265507322715353
4.658627293343359,5.043135272042546,4.267196246736179
4.660052067843206,5.044317940854455,4.268869340589479
4.661462114016875,5.045487230748767,4.270526750669112
4.662857572354278,5.046643282421026,4.272168611427144
4.664238582831027,5.047786235942119,4.273795056987127
4.665605286558361,5.048916232050689,4.275406222545959
4.666957840805164,5.050033427541589,4.27700225921391
4.668296391471675,5.051137967927296,4.2785833074215915
4.669621072553199,5.052229975430467,4.280149496149815
4.670932017545938,5.053309616493988,4.281700954054476
4.672229361018856,5.054376980432971,4.283237810809119
4.673513252922503,5.055432248479889,4.284760211315934
4.674783832366634,5.056475547734397,4.286268290237035
4.676041219815979,5.057507004697428,4.2877621712599066
4.677285564436369,5.058526745294821,4.2892419777516295
4.67851695597959,5.059534896037335,4.290707834044349
4.679735594624234,5.060531597830462,4.292159879040359
4.6809415474331315,5.061516981435824,4.293598241826536
4.682134984386144,5.062491166755833,4.295023040973786
4.6833160256393525,5.063454273141937,4.296434394737848
4.684484763456326,5.064406420493316,4.297832422289811
4.685641349234645,5.065347742335051,4.299217256738038
4.686785909326707,5.066278362577507,4.300589021785358
4.687918559779936,5.06719839484091,4.301947831060989
4.68903941618973,5.068107952218152,4.303293797884915
4.690148595056455,5.069007148315139,4.304627036445441
4.691246226134825,5.069896109633797,4.30594767426011
4.692332429795596,5.070774953565008,4.307255829836292
4.693407316593631,5.071643787750975,4.308551612034175
4.694470996647533,5.072502719329593,4.309835129411109
4.695523580931231,5.073351855919443,4.311106491348302
4.696565182772001,5.074191317342325,4.312365819972298
4.697595937626738,5.07502121478824,4.313613228780578
4.698615940223361,5.075841650213481,4.314848822034212
4.699625295437318,5.076652725092463,4.3160727036982705
4.700624108952487,5.077454541350022,4.317284978519615
4.701612498444331,5.078247212456948,4.31848576342988
4.702590573075892,5.079030843708021,4.319675167098819
4.703558433110208,5.079805531653798,4.320853289355229
4.704516178405228,5.080571372384739,4.322020229739092
4.7054639095832105,5.081328462413564,4.323176088532375
4.706401738669653,5.0820769091753775,4.324320977663904
4.707329769585353,5.082816812362617,4.32545500115414
4.708248097779248,5.083548263388669,4.326578254563081
4.70915681831056,5.084271353227882,4.327690833169381
4.710056026961067,5.084986173250524,4.328792832956032
4.710945830354701,5.085692825158047,4.329884361036807
4.711826327400566,5.08639140332093,4.330965516957326
4.712697608945093,5.087081994272456,4.3320363921687015
4.713559765460032,5.087764684127293,4.333097077848362
4.71441288810039,5.088439559371421,4.334147665842395
4.71525707832832,5.089106716261397,4.335188258632823
4.7160924302636795,5.089766244114019,4.33621895146069
4.716919030354668,5.090418224828441,4.337239821396603
4.71773696468955,5.091062739904836,4.338250976822473
4.71854632000268,5.091699871191744,4.339252494875377
4.719347192825595,5.09232970977697,4.340244473584429
4.720139672703528,5.092952340179969,4.34122700405228
4.720923841883352,5.093567839900804,4.342200169976872
4.721699782266447,5.094176286059564,4.3431640547981445
4.722467576365272,5.094777756103213,4.344118742558872
4.7232273160034275,5.095372336214474,4.345064327008762
4.723979086358192,5.095960106360316,4.346000895273272
4.72472296566479,5.096541139866264,4.34692852739776
4.725459031827171,5.0971155096961205,4.347847303177545
4.726187363327172,5.097683289120446,4.348757302980441
4.726908047494793,5.098244559668622,4.349658616445602
4.727621165338221,5.098799396988823,4.350551326878232
4.7283267912637,5.09934787044628,4.351435510815059
4.729024999359881,5.099890049062117,4.352311244550714
4.729715864262091,5.100426002145384,4.35317860492361
4.730399469012792,5.100955806812147,4.354037677626268
4.731075890642305,5.1014795346146995,4.354888542295927
4.731745199903458,5.1019972511624125,4.3557312721004395
4.732407467244826,5.10250902173738,4.356565939973498
4.733062763632143,5.103014911892019,4.357392619365282
4.733711168018312,5.1035149945579645,4.358211392180593
4.734352753639519,5.1040093374040785,4.359022334536406
4.734987587763864,5.104498002478684,4.359825516367203
4.735615737368149,5.104981051518975,4.360621007381151
4.73623726991844,5.105458546516057,4.361408877777104
4.736852260468154,5.105930556435106,4.362189205826028
4.737460778635735,5.106397145263953,4.36296206426768
4.738062888366484,5.106858371675491,4.3637275199344145
4.738658653327015,5.107314294046971,4.3644856394400655
4.739248137646807,5.107764970994128,4.365236489864657
4.739831412662115,5.108210467723266,4.365980145994278
4.740408544542871,5.108650844733931,4.366716677329811
4.740979594066969,5.109086157500312,4.367446147728518
4.741544621745758,5.109516461215752,4.3681686208368244
4.742103688528578,5.109941811297661,4.368884160744117
4.742656862209383,5.1103622693910635,4.369592838895533
4.743204205671756,5.110777892690611,4.37029472168689
4.743745776675177,5.111188733639953,4.370989870123202
4.744281632724328,5.111594844416099,4.371678345006139
4.744811831738315,5.111996277406572,4.372360207558326
4.745336438136254,5.112393090883029,4.3730355260230045
4.745855511670844,5.112785338909695,4.373704363820181
4.746369107225889,5.113173071059663,4.374366779221214
4.746877279441712,5.113556336652958,4.375022830301565
4.747380083350822,5.113935185207416,4.375672575536704
4.74787758015789,5.114309671800026,4.376316080102195
4.748369826633566,5.114679847530452,4.376953404566946
4.748856874922654,5.115045759253335,4.377584604583202
4.74933877693739,5.115407453583227,4.378209735614543
4.749815584961199,5.1157649773205645,4.378828853504736
4.750287357137829,5.116118382517495,4.379442020491097
4.750754147398317,5.116467717466752,4.380049294411765
4.7512160052792956,5.116813026449115,4.380650728410317
4.751672980095323,5.117154353517601,4.381246375448747
4.752125121512301,5.117491742899971,4.3818362888504305
4.752572484759881,5.117825243784863,4.382420528039191
4.753015121065766,5.118154901807907,4.382999148238338
4.75345307748354,5.118480758813293,4.383572200189225
4.753886400854863,5.118802856429299,4.384139734458582
4.754315138353892,5.119121236448458,4.3847018019566315
4.754739342436625,5.1194359453491485,4.385258459413877
4.755159061757682,5.119747026252047,4.3858097595505
4.755574341007252,5.120054518695252,4.386355750808206
4.755985224673349,5.120358462012132,4.386896481460812
4.756391757558698,5.1206588956905446,4.387432000108701
4.756793989479802,5.120955863644041,4.387962360904704
4.757191966642739,5.121249406613402,4.388487614173382
4.757585731488626,5.1215395619544255,4.389007806155527
4.757975326265788,5.1218263668288815,4.389522982930611
4.758360793520467,5.122109858543795,4.390033190888551
4.758742180557837,5.122390078585984,4.390538481715831
4.759119531254354,5.12266706544443,4.391038903444837
4.759492885911328,5.122940854410147,4.391534500210419
4.7598622846462515,5.123211480590294,4.392025315992507
4.760227767858646,5.123478979228623,4.392511395066203
4.760589380464769,5.123743389516202,4.392992786758635
4.760947164125024,5.124004747811779,4.393469536909469
4.761301157105237,5.124263087453041,4.393941687638982
4.761651397496008,5.124518441603524,4.394409280918744
4.761997923654947,5.124770843555248,4.394872359000941
4.762340778226227,5.125020330327682,4.395330968956223
4.7626800007625985,5.125266936264701,4.395785154527123
4.763015627593979,5.125510692856405,4.396234955907159
4.763347694883278,5.125751631427908,4.396680413147138
4.763676239046217,5.125989783425256,4.39712156656469
4.76400130056638,5.126225183814166,4.397558461072781
4.764322916992337,5.126457865032903,4.397991138408654
4.764641122813041,5.126687856824211,4.398419636923432
4.764955952358434,5.1269151887746345,4.398843994831297
4.765267440197754,5.127139890584479,4.399264250600208
4.765575624760364,5.12736199527732,4.399680447080305
4.765880541689261,5.127581533489498,4.400092624091758
4.766182223723149,5.127798533311419,4.400500818224272
4.766480703449228,5.128013022685622,4.400905065936243
4.766776013681285,5.128225029661711,4.401305403927399
4.767068190895873,5.128434585426984,4.401701873076157
4.767357268924537,5.12864171891397,4.40209451137024
4.767643278842097,5.12884645665084,4.402483353715682
4.767926251579126,5.129048825025786,4.40286843489267
4.768206218280759,5.129248850527716,4.403249789910879
4.7684832135673645,5.129446562607913,4.403627457764397
4.768757269548754,5.129641988588184,4.404001474689697
4.7690284157182345,5.129835153519756,4.404371873983786
4.769296681431829,5.130026082321368,4.404738688823052
4.769562096248732,5.130214800006581,4.405101952602119
4.769824693025298,5.130401334385606,4.405461702514537
4.770084502235017,5.1305857112576705,4.4058179731234635
4.77034155186824,5.130767954277886,4.40617079618839
4.77059586978465,5.130948086975988,4.406520203353283
4.7708474840362785,5.1311261329709446,4.406866226469678
4.771096425803244,5.1313021185218926,4.407208901010943
4.77134272400419,5.131476067988939,4.407548259941592
4.77158640520129,5.131648003707593,4.407884333552224
4.771827495832389,5.131817947894782,4.408217152022818
4.772066022517475,5.131985922851419,4.4085467457307645
4.77230201484401,5.132151953370668,4.408873148506265
4.772535500253386,5.132316062452579,4.4091963917867805
4.7727665039508365,5.132478271185535,4.409516504459783
4.772995051023307,5.132638600545768,4.409833515306846
4.773221166730261,5.132797071588584,4.410147453297296
4.773444879146155,5.132953707721819,4.410458350691985
4.773666214308962,5.133108530660247,4.410766237469902
4.773885196134837,5.133261560313757,4.411071141178402
4.774101848427437,5.133412816486156,4.411373089263464
4.774316195153755,5.133562319055709,4.411672109349724
4.774528262951043,5.13371009012124,4.4119682321993485
4.774738076524187,5.133856150183055,4.412261486398541
4.7749456585648735,5.134000518037488,4.412551898214936
4.775151031657767,5.134143212380543,4.412839493819117
4.775354218542255,5.134284251978336,4.413124299551625
4.775555244490522,5.134423657692893,4.413406344743644
4.775754132941314,5.134561448877104,4.413685656651528
4.775950905423307,5.134697643275166,4.413962260320959
4.776145583363432,5.134832258536439,4.414236180704793
4.776338188335133,5.134965312376285,4.414507442917539
4.776528744314225,5.135096824488301,4.4147760749242
4.776717273536998,5.135226813141306,4.415042102711524
4.77690379642764,5.135355295085556,4.415305550158575
4.777088333313605,5.135482286981608,4.415566441055665
4.777270904661126,5.135607805552194,4.415824799346845
4.777451533214952,5.135731869387087,4.416080651692994
4.777630240069535,5.135854495731058,4.416334022868875
4.7778070446002445,5.135975700395407,4.41658493563993
4.777981966090521,5.136095499106633,4.416833412686682
4.778155023955211,5.136213907649758,4.417079476835955
4.778326239770151,5.136330943571918,4.417323153503852
4.778495633545612,5.136446623150598,4.417564466308347
4.778663223661104,5.136560961310146,4.417803436951904
4.77882902840878,5.136673972894751,4.418040087055828
4.778993066205223,5.13678567280377,4.418274438380623
4.779155357516511,5.1368960775994985,4.418506515154359
4.779315921323542,5.137005202645777,4.418736339890971
4.7794747750603355,5.137113062029216,4.418963933278493
4.779631936077908,5.137219669760701,4.419189315927336
4.779787421845128,5.137325039903028,4.4194125085803435
4.779941251774496,5.137429188088382,4.419633534331904
4.78009344386971,5.137532128817693,4.419852414642391
4.780244014667202,5.137633875386382,4.420069169231765
4.780392980624529,5.137734441018303,4.420283817745762
4.780540358310905,5.137833838986202,4.420496379956162
4.780686166138666,5.1379320840438325,4.420706877875596
4.7808304211839125,5.138029189877219,4.420915331959154
4.780973139131036,5.138125169034595,4.42112176100305
4.781114335589489,5.138220033996538,4.4213261837326
4.781254026274455,5.138313797289703,4.421528618993008
4.7813922286489925,5.138406472838321,4.4217290877648185
4.7815289589086865,5.138498073558851,4.421927609543984
4.781664231929194,5.138588611293921,4.422124202245385
4.781798062514942,5.138678097822237,4.422318883716158
4.781930465570569,5.138766544965906,4.422511671917532
4.782061457658093,5.138853965865845,4.422702586845405
4.782191054137418,5.138940372711849,4.42289164708072
4.782319269116593,5.139025776680242,4.42307886969755
4.782446116636034,5.1391101888869715,4.423264271705271
4.78257161083106,5.139193620488897,4.4234478702217865
4.782695767408565,5.139276083887295,4.423629684303743
4.782818600935349,5.13935759058581,4.42380973165922
4.782940124790973,5.139438151131651,4.423988028560229
4.783060352290767,5.139517776014979,4.424164591216991
4.783179296839938,5.139596475764505,4.424339435943006
4.78329697333389,5.1396742620831475,4.4245125808989725
4.783413395586773,5.139751145826724,4.424684042960406
4.783528576286811,5.13982713694844,4.424853837634284
4.783642528061233,5.1399022453476135,4.425021980368548
4.7837552636224565,5.13997648095988,4.425188486709434
4.7838667970957935,5.14004985482885,4.425353373963162
4.783977141581198,5.140122377198691,4.425516658211163
4.7840863091108785,5.140194057461787,4.425678354230717
4.784194311659149,5.140264904959646,4.425838476742772
4.7843011612809585,5.140334929067988,4.425997040561792
4.784406871370959,5.1404041402079566,4.426154062179022
4.784511454351405,5.140472548046264,4.426309556918616
4.78461492163204,5.140540161445873,4.426463538861969
4.784717284567626,5.140606989221663,4.426616022036668
4.784818554589319,5.1406730402207685,4.426767020559308
4.784918744398502,5.1407383242766915,4.426916550144019
4.785017865774405,5.1408028505110295,4.4270646253927275
4.78511592953619,5.140866627286938,4.427211259723209
4.78521294645079,5.1409296629221375,4.427356466501889
4.785308927357526,5.140991965764763,4.427500259179879
4.785403884299992,5.141053545093596,4.4276426527302
4.7854978284474,5.141114409515662,4.427783661066164
4.785590770058545,5.14117456692227,4.427923296972729
4.785682719342691,5.141234025161887,4.428061573185851
4.785773686577615,5.141292792111559,4.428198502522098
4.7858636831829315,5.141350876526478,4.428334099247891
4.7859527197490515,5.141408286527886,4.4284683766198905
4.786040806003193,5.1414650295617506,4.42860134681968
4.786127951625537,5.141521113033515,4.4287330219820715
4.786214166361207,5.1415765443756545,4.4288634143186
4.78629946103777,5.141631331849047,4.428992537421959
4.786383845696631,5.141685483116445,4.429120403922779
4.786467329560697,5.141739005203411,4.429247025427359
4.7865499218082315,5.14179190509729,4.429372413497378
4.78663163167903,5.141844189810821,4.429496579767492
4.786712469439089,5.141895867138392,4.429619537188113
4.786792444609004,5.1419469443099795,4.429741297792981
4.786871565933276,5.14199742795434,4.429861872639964
4.786949842114064,5.142047324664164,4.429981272744296
4.787027281911816,5.1420966410560665,4.430099509190709
4.787103895059841,5.142145384484092,4.430216594317299
4.7871796905846775,5.142193561769758,4.430332539588791
4.787254676777067,5.142241179167309,4.430447355540182
4.787328861887556,5.142288242896945,4.430561052665804
4.7874022542218935,5.142334759201404,4.430673641526106
4.7874748630081205,5.142380735019156,4.430785133875501
4.78754669680417,5.142426176786181,4.4308955406362776
4.787617763470374,5.1424710904032915,4.43100487184502
4.787688070828897,5.142515481739083,4.431113137499493
4.7877576267542175,5.1425593566834715,4.431220347660422
4.78782643999514,5.142602721782695,4.431326513525764
4.787894518665128,5.142645583108902,4.431431645500812
4.787961870216285,5.142687946229294,4.431535753147012
4.788028502064469,5.1427298166807,4.431638845988812
4.7880944216751145,5.142771200020005,4.431740933610548
4.7881596373424955,5.142812102423281,4.4318420266798535
4.788224156758519,5.142852529619323,4.431942135109181
4.7882879869880925,5.142892486860498,4.432041268007118
4.788351135061734,5.1429319793705215,4.432139434446961
4.788413608056933,5.142971012392008,4.432236643558994
4.788475413836875,5.143009591751688,4.432332905505365
4.788536559693682,5.143047722854307,4.4324282297287905
4.788597052325014,5.143085410655147,4.432522624906214
4.788656898395936,5.143122660082421,4.432616099680948
4.788716104616027,5.143159476082146,4.432708662750524
4.788774678439635,5.143195864151417,4.4328003237953
4.788832626779714,5.143231829389197,4.432891091810313
4.788889955985671,5.143267376470367,4.4329809750611275
4.788946672375993,5.143302510044288,4.433069981781212
4.7890027823113455,5.143337234777099,4.433158120255682
4.789058292858343,5.143371555854824,4.433245399705741
4.789113210570359,5.143405478087842,4.433331828699762
4.7891675414665595,5.143439005886476,4.433417415111248
4.789221291536764,5.143472143636923,4.4335021667830885
4.789274466810703,5.143504895741253,4.433586091607326
4.7893270739873435,5.143537267091893,4.433669198367614
4.789379119279101,5.143569262226943,4.433751495225707
4.789430608391925,5.143600885307048,4.433832989681478
4.789481547003942,5.143632140470123,4.433913689205615
4.78953194083113,5.143663031868999,4.433993601315554
4.789581796223789,5.143693564119123,4.434072734377979
4.789631119070986,5.143723741501607,4.434151096167165
4.789679914781686,5.143753567941558,4.434228693826925
4.789728188738458,5.1437830473425645,4.434305534473243
4.789775946359729,5.143812183622291,4.434381625266621
4.78982319366519,5.143840981134819,4.434456974176369
4.789869936237303,5.143869443918813,4.43453158860753
4.7899161792034155,5.1438974959096,4.43460547536463
4.789961927665861,5.143925220516734,4.4346786412256485
4.790007186760886,5.1439526235741395,4.434751093010958
4.790051962194716,5.1439797088070325,4.434822838311211
4.790096259259085,5.144006479897555,4.434893884179634
4.7901400828143,5.144032940485231,4.434964237097449
4.790183437696932,5.144059094167552,4.4350339035205595
4.790226328775715,5.144084944500373,4.435102889945217
4.790268761459641,5.144110494998458,4.435171203601324
4.790310740764753,5.1441357491358835,4.435238851206831
4.790352271298166,5.144160710346581,4.435305838934899
4.79039335764448,5.14418538202476,4.435372172934565
4.790434004418799,5.144209767525343,4.435437859393249
4.790474216748234,5.144233870164514,4.435502905197084
4.790513999387472,5.144257693220017,4.4355673167446055
4.790553356703563,5.144281239931734,4.435631099915447
4.790592293042184,5.1443045135020595,4.43569426056624
4.790630812777924,5.1443275170963325,4.43575680459016
4.790668920770682,5.144350253843281,4.435818738545814
4.7907066215273275,5.144372726835436,4.435880068527391
4.790743919187269,5.14439493912954,4.435940800134844
4.790780817869702,5.144416893746997,4.436000938946232
4.790817321721154,5.144438593674203,4.4360604905743815
4.79085343534817,5.144460041863043,4.43611946126583
4.790889163022649,5.14448124123122,4.436177856824813
4.790924508668222,5.144502194662691,4.436235682584824
4.7909594761893075,5.144522905008039,4.436292943858488
4.7909940695162305,5.144543375084836,4.43634964599155
4.791028293015333,5.144563607678093,4.4364057949332185
4.791062150735747,5.144583605540543,4.4364613962114845
4.791095646396504,5.144603371393085,4.436516454905993
4.791128783698407,5.14462290792513,4.436570976076472
4.791161566366789,5.144642217794931,4.436624964814206
4.791193998540281,5.144661303630029,4.4366784267851695
4.791226084056823,5.144680168027491,4.4367313672541595
4.7912578264414485,5.144698813554355,4.436783791058973
4.791289229201927,5.1447172427479515,4.4368357030184224
4.79132029586928,5.144735458116215,4.436887107981354
4.791351030366224,5.144753462138051,4.436938011343923
4.791381436330485,5.14477125726369,4.436988418120165
4.7914115171031915,5.144788845914969,4.43703833291751
4.791441276009088,5.144806230485704,4.437087760325252
4.7914707163950085,5.144823413341977,4.437136704961266
4.791499841978958,5.144840396822515,4.437185171964678
4.791528656208841,5.144857183238918,4.437233166110657
4.7915571622514515,5.144873774876047,4.437280691787116
4.79158536325805,5.144890173992309,4.437327753364735
4.791613262400799,5.144906382819959,4.437374355241372
4.791640863203658,5.144922403565391,4.437420502311259
4.7916681689346134,5.144938238409456,4.4374661991220385
4.79169518259516,5.144953889507773,4.437511449852519
4.791721907172104,5.144969358990935,4.437556258665117
4.791748345672011,5.144984648964934,4.43760062974809
4.791774501434927,5.144999761511341,4.437644567762413
4.791800377558228,5.145014688164366,4.437688077038967
4.791825976886727,5.145029452115244,4.43773116155738
4.791851302251312,5.145044044738334,4.437773825281656
4.791876346055157,5.145058468020464,4.43781607220041
4.791901132471697,5.145072723925422,4.437857906752425
4.7919256538738875,5.145086814394276,4.437899333062078
4.791949912958052,5.145100741345581,4.437940354919282
4.791973912407241,5.145114506675707,4.437980965623369
4.791997654922334,5.14512811225904,4.438021190041381
4.792021143503693,5.145141559948218,4.4380610218060355
4.792044380933708,5.145154851574459,4.43810046484507
4.792067309026358,5.145167988947775,4.438139522767693
4.7920899917083855,5.145180973857183,4.4381781991688865
4.7921124323484925,5.1451938080709585,4.438216497665962
4.7921346335270485,5.145206493336947,4.438254422284403
4.79215659779699,5.145219031382684,4.438291976764611
4.792178327684071,5.145231423915731,4.438329164543652
4.792199825687161,5.145243672623835,4.438365989045029
4.792221094278522,5.145255779175228,4.438402453713483
4.792242135904117,5.145267745218756,4.438438562382477
4.79226295298386,5.145279572384212,4.438474318613951
4.792283547911902,5.145291262282485,4.438509725680989
4.792303923056933,5.145302816505791,4.438544786843757
4.792324080762377,5.145314236627905,4.438579505382632
4.792344023346745,5.145325524204373,4.438613884948178
4.792363753103855,5.145336680772684,4.438647928932354
4.792383272303113,5.145347707852525,4.438681640452044
4.792402583189752,5.145358606945998,4.438715022611844
4.792421687985093,5.1453693795377715,4.4387480785356095
4.792440588886804,5.145380027095303,4.438780811699623
4.79245928806918,5.145390551069065,4.438813225333988
4.7924777876833495,5.145400952892693,4.438845322406815
4.792496089857493,5.145411233983241,4.438877105874521
4.792514196697191,5.145421395741295,4.438908578711857
4.792532110285561,5.14543143955124,4.438939744229159
4.792549832683553,5.145441366781416,4.438970605502317
4.792567365930164,5.145451178784285,4.439001165357783
4.792584712042674,5.145460876896651,4.439031426610806
4.7926018730168805,5.145470462439804,4.439061392094129
4.792618850827325,5.14547993671974,4.439091064960045
4.792635647427522,5.145489301027299,4.439120448137581
4.792652264750162,5.1454985566383735,4.439149544318225
4.792668704707356,5.145507704814047,4.439178356182823
4.792684969190857,5.145516746800792,4.439206886428835
4.792701060072272,5.145525683830637,4.43923513805803
4.792716979203249,5.145534517121325,4.439263113859562
4.792732728415724,5.145543247876484,4.439290816396386
4.792748309522128,5.14555187728578,4.439318248221312
4.7927637243155585,5.145560406525086,4.439345411902983
4.792778974570035,5.145568836756666,4.439372310299778
4.792794062040656,5.145577169129278,4.439398946067669
4.792808988463855,5.145585404778375,4.439425321647163
4.792823755557527,5.145593544826266,4.439451439469167
4.792838365021283,5.145601590382202,4.439477301979605
4.792852818536618,5.145609542542615,4.439502911900344
4.792867117767112,5.14561740239121,4.439528271760426
4.792881264358634,5.145625170999109,4.4395533838838235
4.7928952599395025,5.145632849425051,4.439578250585285
4.792909106120671,5.145640438715471,4.439602874193892
4.792922804495965,5.145647939904685,4.439627257301465
4.792936356642187,5.145655354014996,4.439651402316228
4.792949764119361,5.145662682056868,4.439675311451092
4.792963028470877,5.145669925029063,4.43969898691022
4.792976151223681,5.145677083918717,4.439722430911418
4.792989133888435,5.145684159701587,4.439745645922648
4.793001977959733,5.1456911533420415,4.439768634237054
4.7930146849162,5.145698065793302,4.439791397961817
4.793027256220728,5.145704897997542,4.439813939195757
4.7930396933206225,5.145711650886,4.4398362600506776
4.793051997647742,5.145718325379127,4.439858362876625
4.793064170618678,5.145724922386657,4.439880249857127
4.7930762136349765,5.145731442807814,4.439901922998656
4.79308812808319,5.145737887531393,4.439923384299732
4.793099915335103,5.145744257435868,4.439944635771236
4.793111576747891,5.145750553389515,4.439965679650866
4.793123113664258,5.145756776250573,4.439986518017799
4.793134527412584,5.1457629268672935,4.440007152782592
4.793145819307108,5.145769006078111,4.440027585848217
4.793156990648049,5.145775014711715,4.440047819129454
4.79316804272176,5.145780953587216,4.440067854757009
4.793178976800907,5.145786823514199,4.440087694710681
4.793189794144535,5.145792625292838,4.440107293754308
4.793200495998345,5.145798359714077,4.440126700803271
4.793211083594679,5.145804027559666,4.440145918669722
4.793221558152787,5.145809629602268,4.440164949196445
4.793231920878917,5.1458151666055985,4.44018379420831
4.793242172966444,5.1458206393245325,4.440202455512434
4.793252315596023,5.145826048505156,4.44022093489835
4.793262349935725,5.145831394884911,4.440239234138174
4.793272277141159,5.145836679192701,4.440257354986791
4.7932820983556255,5.145841902148945,4.440275299182018
4.79329181471022,5.145847064465727,4.440293068444766
4.793301427323991,5.145852166846883,4.440310664479192
4.7933109373040415,5.145857209988053,4.4403280889728585
4.79332034574569,5.145862194576832,4.440345343596946
4.793329653732553,5.1458671212928,4.440362430006355
4.793338862336704,5.14587199080772,4.440379349839888
4.793347972618774,5.145876803785496,4.440396104720391
4.793356985628113,5.14588156088237,4.44041269625493
4.7933659024028445,5.145886262746956,4.440429126034947
4.793374723970029,5.145890910020342,4.4404453956363525
4.7933834513457985,5.145895503336189,4.44046150661977
4.793392085535429,5.145900043320796,4.4404774605306105
4.793400627533474,5.145904530593187,4.44049325889926
4.79340907832388,5.145908965765246,4.440508903241197
4.7934174388801205,5.145913349441699,4.440524395057162
4.793425710165266,5.145917682220292,4.440539735833274
4.793433893132125,5.145921964691844,4.440554927041209
4.7934419887233375,5.145926197440294,4.44056997013831
4.793449997871508,5.145930381042826,4.44058486656774
4.793457921499254,5.145934516069908,4.440599617758608
4.793465760519397,5.1459386030853915,4.440614225126138
4.793473515834999,5.145942642646615,4.440628690071748
4.793481188339502,5.145946635304417,4.440643013983215
4.793488778916817,5.145950581603266,4.440657198234847
4.793496288441399,5.145954482081296,4.440671244187531
4.793503717778415,5.145958337270396,4.440685153188915
4.7935110677837836,5.145962147696302,4.440698926573555
4.793518339304299,5.145965913878649,4.440712565663
4.793525533177711,5.145969636331011,4.440726071765917
4.793532650232844,5.1459733155610365,4.440739446178274
4.793539691289695,5.145976952070488,4.44075269018337
4.793546657159502,5.145980546355265,4.440765805052058
4.793553548644833,5.145984098905548,4.4407787920427975
4.793560366539708,5.1459876102058235,4.440791652401799
4.793567111629676,5.145991080734945,4.440804387363135
4.793573784691903,5.14599451096621,4.4408169981488665
4.793580386495282,5.145997901367455,4.440829485969165
4.793586917800486,5.146001252401037,4.440841852022409
4.793593379360078,5.146004564523984,4.440854097495318
4.793599771918567,5.146007838188,4.440866223563059
4.793606096212574,5.146011073839566,4.4408782313893305
4.7936123529708246,5.146014271919968,4.440890122126525
4.793618542914274,5.146017432865375,4.440901896915823
4.7936246667561795,5.146020557106902,4.440913556887269
4.793630725202193,5.146023645070633,4.440925103159916
4.7936367189504505,5.146026697177749,4.44093653684192
4.793642648691644,5.1460297138445155,4.440947859030648
4.793648515109059,5.146032695482384,4.440959070812759
4.793654318878729,5.146035642498008,4.440970173264373
4.793660060669452,5.146038555293336,4.440981167451083
4.793665741142909,5.146041434265639,4.440992054428141
4.793671360953693,5.146044279807615,4.441002835240504
4.79367692074944,5.146047092307354,4.4410135109229625
4.793682421170872,5.146049872148479,4.441024082500231
4.793687862851861,5.146052619710147,4.441034550987038
4.793693246419511,5.146055335367106,4.44104491738822
4.793698572494269,5.146058019489775,4.441055182698842
4.793703841689923,5.146060672444257,4.441065347904265
4.793709054613719,5.146063294592415,4.441075413980272
4.793714211866456,5.1460658862919075,4.441085381893127
4.7937193140424785,5.146068447896244,4.441095252599693
4.793724361729821,5.146070979754828,4.441105027047508
4.793729355510227,5.146073482213017,4.441114706174877
4.793734295959222,5.146075955612138,4.44112429091096
4.79373918364622,5.146078400289595,4.441133782175892
4.793744019134535,5.146080816578829,4.44114318088081
4.7937488029814705,5.1460832048094405,4.441152487928019
4.793753535738381,5.1460855653072155,4.44116170421099
4.793758217950781,5.146087898394126,4.441170830614541
4.793762850158298,5.146090204388423,4.441179868014817
4.793767432894841,5.146092483604681,4.441188817279464
4.793771966688599,5.146094736353787,4.441197679267668
4.793776452062141,5.146096962943039,4.44120645483022
4.793780889532452,5.1460991636761735,4.441215144809671
4.793785279611008,5.146101338853384,4.441223750040339
4.793789622803807,5.146103488771385,4.441232271348399
4.793793919611477,5.146105613723474,4.441240709552018
4.793798170529273,5.146107713999517,4.441249065461344
4.793802376047185,5.146109789886017,4.4412573398786686
4.793806536649946,5.1461118416661655,4.441265533598463
4.793810652817157,5.146113869619828,4.441273647407422
4.793814725023262,5.146115874023679,4.441281682084629
4.793818753737675,5.146117855151139,4.4412896384015434
4.793822739424776,5.146119813272462,4.441297517122114
4.793826682543982,5.146121748654788,4.441305319002855
4.793830583549824,5.14612366156213,4.441313044792913
4.793834442892,5.146125552255446,4.441320695234119
4.793838261015362,5.146127420992671,4.4413282710610815
4.793842038360053,5.146129268028723,4.4413357730012635
4.793845775361484,5.146131093615586,4.441343201775029
4.7938494724504475,5.146132898002302,4.44135055809574
4.793853130053122,5.146134681435033,4.441357842669772
4.793856748591148,5.146136444157104,4.441365056196644
4.793860328481669,5.146138186408963,4.441372199369051
4.79386387013736,5.146139908428315,4.441379272872948
4.793867373966491,5.146141610450063,4.4413862773876085
4.793870840372984,5.146143292706421,4.441393213585667
4.7938742697564525,5.146144955426878,4.441400082133216
4.7938776625122355,5.146146598838307,4.441406883689858
4.793881019031457,5.146148223164882,4.441413618908763
4.7938843397010595,5.1461498286282,4.441420288436748
4.79388762490386,5.146151415447313,4.441426892914314
4.793890875018609,5.1461529838387,4.4414334329757095
4.793894090419971,5.146154534016357,4.441439909249035
4.793897271478638,5.146156066191756,4.4414463223562555
4.793900418561344,5.146157580573908,4.441452672913277
4.793903532030899,5.146159077369456,4.441458961529983
4.793906612246267,5.146160556782594,4.441465188810336
4.793909659562534,5.146162019015172,4.441471355352408
4.793912674331026,5.146163464266687,4.441477461748435
4.7939156568993315,5.146164892734306,4.441483508584917
4.793918607611293,5.146166304612931,4.441489496442573
4.793921526807099,5.146167700095182,4.441495425896519
4.793924414823316,5.146169079371452,4.441501297516225
4.7939272719929,5.1461704426299315,4.441507111865642
4.793930098645277,5.146171790056628,4.441512869503209
4.793932895106319,5.146173121835338,4.441518570981934
4.793935661698452,5.146174438147809,4.4415242168494276
4.793938398740652,5.146175739173608,4.44152980764796
4.793941106548469,5.146177025090254,4.441535343914523
4.793943785434115,5.146178296073186,4.441540826180876
4.793946435706458,5.146179552295823,4.441546254973588
4.793949057671059,5.146180793929564,4.44155163081409
4.793951651630224,5.1461820211438205,4.4415569542187505
4.793954217883038,5.146183234106019,4.441562225698894
4.793956756725371,5.146184432981667,4.441567445760855
4.79395926844996,5.1461856179343375,4.441572614906046
4.793961753346412,5.146186789125705,4.441577733630989
4.793964211701227,5.1461879467155764,4.441582802427362
4.793966643797862,5.146189090861884,4.441587821782041
4.793969049916727,5.146190221720749,4.441592792177186
4.793971430335266,5.146191339446476,4.4415977140902205
4.793973785327943,5.146192444191538,4.441602587993945
4.793976115166299,5.146193536106708,4.441607414356528
4.7939784201189575,5.1461946153409555,4.441612193641595
4.79398070045171,5.146195682041526,4.441616926308233
4.793982956427478,5.146196736353992,4.441621612811074
4.793985188306391,5.146197778422181,4.441626253600306
4.793987396345788,5.14619880838829,4.441630849121718
4.793989580800274,5.146199826392861,4.441635399816768
4.7939917419217535,5.146200832574792,4.44163990612262
4.793993879959387,5.146201827071371,4.441644368472171
4.793995995159727,5.146202810018298,4.441648787294071
4.793998087766663,5.146203781549684,4.441653163012823
4.794000158021497,5.146204741798107,4.441657496048774
4.794002206162937,5.14620569089459,4.4416617868181865
4.794004232427158,5.146206628968635,4.44166603573326
4.794006237047819,5.14620755614823,4.441670243202177
4.794008220256076,5.146208472559912,4.441674409629132
4.794010182280603,5.146209378328717,4.441678535414379
4.794012123347643,5.146210273578214,4.441682620954302
4.794014043681046,5.14621115843059,4.441686666641376
4.794015943502223,5.146212033006565,4.441690672864275
4.794017823030262,5.146212897425493,4.441694640007875
4.794019682481894,5.146213751805315,4.441698568453318
4.794021522071534,5.146214596262618,4.441702458577988
4.794023342011334,5.146215430912606,4.4417063107556425
4.794025142511142,5.14621625586921,4.441710125356356
4.794026923778587,5.146217071244969,4.441713902746609
4.794028686019072,5.146217877151163,4.441717643289311
4.794030429435833,5.146218673697739,4.441721347343837
4.794032154229893,5.146219460993408,4.441725015266045
4.794033860600157,5.146220239145597,4.44172864740834
4.79403554874339,5.146221008260494,4.441732244119665
4.794037218854274,5.1462217684430405,4.441735805745602
4.794038871125418,5.146222519796962,4.441739332628315
4.794040505747349,5.146223262424782,4.44174282510667
4.794042122908564,5.146223996427858,4.441746283516226
4.794043722795541,5.146224721906333,4.44174970818923
4.7940453055928,5.146225438959209,4.441753099454756
4.794046871482862,5.146226147684333,4.441756457638622
4.794048420646316,5.146226848178403,4.441759783063472
4.794049953261799,5.146227540537021,4.441763076048816
4.794051469506065,5.146228224854674,4.441766336911052
4.794052969553966,5.1462289012247275,4.441769565963475
4.794054453578494,5.146229569739482,4.441772763516348
4.794055921750784,5.146230230490162,4.441775929876891
4.794057374240141,5.146230883566917,4.441779065349341
4.794058811214091,5.1462315290588965,4.44178217023496
4.794060232838345,5.146232167054175,4.441785244832076
4.794061639276856,5.146232797639797,4.441788289436109
4.794063030691816,5.146233420901823,4.441791304339605
4.794064407243669,5.146234036925297,4.441794289832234
4.794065769091198,5.146234645794297,4.441797246200858
4.794067116391446,5.146235247591908,4.441800173729558
4.794068449299784,5.146235842400234,4.441803072699615
4.794069767969943,5.146236430300456,4.441805943389584
4.794071072553999,5.146237011372805,4.441808786075297
4.7940723632024,5.14623758569657,4.441811601029905
4.794073640064,5.146238153350122,4.441814388523889
4.794074903286052,5.1462387144109325,4.441817148825103
4.794076153014238,5.146239268955556,4.441819882198759
4.7940773893927,5.1462398170596755,4.441822588907521
4.79407861256401,5.146240358798085,4.441825269211468
4.794079822669251,5.1462408942447055,4.4418279233681455
4.794081019847974,5.146241423472604,4.441830551632592
4.794082204238251,5.146241946554015,4.441833154257369
4.794083375976677,5.146242463560317,4.441835731492553
4.7940845351983885,5.146242974562054,4.4418382835858
4.794085682037092,5.146243479628961,4.4418408107823355
4.794086816625037,5.146243978829977,4.441843313325022
4.794087939093068,5.146244472233207,4.441845791454317
4.7940890495706725,5.146244959905985,4.441848245408358
4.794090148185889,5.146245441914882,4.44185067542295
4.794091235065451,5.146245918325654,4.4418530817316055
4.794092310334692,5.146246389203328,4.441855464565556
4.794093374117652,5.1462468546121585,4.4418578241537725
4.794094426536994,5.146247314615659,4.441860160723008
4.794095467714103,5.146247769276618,4.441862474497787
4.794096497769063,5.146248218657049,4.4418647657004495
4.794097516820667,5.14624866281831,4.4418670345511755
4.794098524986467,5.146249101821,4.441869281267989
4.7940995223827185,5.146249535725024,4.441871506066797
4.794100509124472,5.146249964589604,4.441873709161389
4.794101485325523,5.1462503884732635,4.441875890763473
4.794102451098469,5.1462508074338515,4.441878051082705
4.794103406554687,5.1462512215285425,4.441880190326678
4.794104351804385,5.146251630813839,4.4418823087009685
4.794105286956575,5.146252035345605,4.441884406409154
4.794106212119121,5.146252435179051,4.4418864836528185
4.794107127398726,5.146252830368733,4.441888540631591
4.794108032900959,5.146253220968593,4.441890577543129
4.794108928730256,5.146253607031911,4.441892594583187
4.794109814989939,5.1462539886114005,4.441894591945616
4.794110691782229,5.146254365759126,4.441896569822343
4.794111559208252,5.14625473852655,4.441898528403457
4.794112417368046,5.14625510696456,4.441900467877163
4.794113266360597,5.146255471123439,4.441902388429864
4.794114106283839,5.146255831052871,4.441904290246112
4.794114937234634,5.1462561868019625,4.441906173508694
4.794115759308821,5.146256538419288,4.441908038398577
4.794116572601233,5.146256885952806,4.441909885094986
4.7941173772056604,5.146257229449977,4.441911713775404
4.794118173214912,5.146257568957657,4.441913524615557
4.794118960720803,5.146257904522195,4.441915317789481
4.794119739814153,5.146258236189383,4.441917093469514
4.794120510584828,5.146258564004472,4.441918851826294
4.794121273121729,5.146258888012209,4.441920593028794
4.794122027512823,5.146259208256819,4.441922317244373
4.794122773845094,5.146259524781989,4.4419240246387375
4.794123512204653,5.146259837630936,4.441925715375964
4.7941242426766415,5.146260146846329,4.441927389618534
4.794124965345333,5.146260452470378,4.441929047527362
4.794125680294051,5.146260754544817,4.441930689261787
4.794126387605278,5.146261053110851,4.441932314979585
4.794127087360598,5.146261348209234,4.4419339248370076
4.794127779640731,5.1462616398802306,4.441935518988753
4.794128464525518,5.146261928163639,4.441937097588042
4.7941291420939525,5.146262213098828,4.441938660786592
4.794129812424213,5.146262494724654,4.441940208734627
4.7941304755935805,5.146262773079562,4.441941741580924
4.794131131678557,5.146263048201554,4.4419432594727954
4.794131780754835,5.146263320128174,4.441944762556133
4.794132422897269,5.146263588896518,4.441946250975397
4.794133058179924,5.146263854543275,4.441947724873608
4.7941336866760755,5.146264117104706,4.441949184392451
4.794134308458227,5.146264376616631,4.441950629672193
4.794134923598085,5.146264633114471,4.441952060851731
4.79413553216662,5.1462648866332374,4.441953478068633
4.7941361342340185,5.146265137207529,4.4419548814590835
4.7941367298697255,5.146265384871541,4.441956271157973
4.794137319142454,5.146265629659062,4.441957647298854
4.794137902120161,5.146265871603517,4.441959010014005
4.794138478870089,5.146266110737926,4.4419603594344
4.794139049458771,5.146266347094919,4.441961695689721
4.794139613952026,5.146266580706755,4.441963018908398
4.794140172414959,5.146266811605297,4.441964329217604
4.794140724911992,5.146267039822095,4.441965626743287
4.794141271506847,5.1462672653882615,4.441966911610144
4.7941418122625805,5.146267488334601,4.441968183941666
4.794142347241565,5.146267708691531,4.4419694438601365
4.794142876505511,5.14626792648913,4.441970691486673
4.7941434001154555,5.146268141757114,4.4419719269411795
4.794143918131803,5.146268354524885,4.4419731503423705
4.794144430614319,5.146268564821461,4.441974361807846
4.794144937622099,5.146268772675546,4.44197556145406
4.794145439213632,5.146268978115509,4.441976749396299
4.794145935446776,5.146269181169394,4.441977925748749
4.794146426378771,5.146269381864892,4.441979090624471
4.794146912066243,5.146269580229415,4.441980244135421
4.79414739256522,5.146269776290028,4.44198138639248
4.794147867931129,5.146269970073503,4.441982517505408
4.794148338218797,5.146270161606273,4.441983637582956
4.794148803482482,5.146270350914473,4.4419847467327696
4.794149263775834,5.146270538023949,4.441985845061444
4.79414971915196,5.1462707229602405,4.4419869326745465
4.794150169663387,5.146270905748582,4.441988009676609
4.794150615362076,5.146271086413917,4.441989076171169
4.794151056299432,5.146271264980903,4.4419901322607185
4.7941514925263435,5.146271441473913,4.441991178046773
4.7941519240931045,5.146271615917036,4.441992213629838
4.794152351049509,5.1462717883340865,4.441993239109455
4.79415277344479,5.1462719587485894,4.441994254584195
4.794153191327694,5.146272127183797,4.4419952601516535
4.794153604746424,5.146272293662706,4.441996255908478
4.794154013748642,5.146272458208041,4.441997241950395
4.79415441838155,5.146272620842255,4.441998218372165
4.794154818691814,5.146272781587534,4.441999185267653
4.794155214725618,5.146272940465824,4.44200014272979
4.794155606528641,5.146273097498813,4.4420010908505985
4.794155994146059,5.146273252707934,4.442002029721218
4.79415637762262,5.146273406114356,4.442002959431889
4.794156757002538,5.146273557739033,4.4420038800719555
4.794157132329578,5.146273707602643,4.442004791729924
4.794157503647023,5.146273855725651,4.442005694493427
4.794157870997727,5.146274002128268,4.4420065884492335
4.794158234424055,5.146274146830485,4.442007473683266
4.7941585939679365,5.146274289852036,4.442008350280619
4.79415894967084,5.146274431212453,4.442009218325536
4.794159301573791,5.146274570931021,4.442010077901468
4.794159649717389,5.146274709026814,4.4420109290910315
4.794159994141793,5.146274845518673,4.442011771976038
4.794160334886737,5.146274980425238,4.44201260663751
4.7941606719915235,5.146275113764901,4.442013433155674
4.794161005495035,5.146275245555879,4.44201425160997
4.794161335435751,5.146275375816166,4.442015062079074
4.794161661851711,5.146275504563521,4.442015864640895
4.794161984780579,5.146275631815519,4.4420166593725705
4.794162304259619,5.146275757589532,4.442017446350492
4.794162620325681,5.14627588190272,4.4420182256503
4.794162933015216,5.146276004772076,4.442018997346898
4.794163242364296,5.146276126214344,4.442019761514472
4.794163548408601,5.146276246246103,4.442020518226467
4.794163851183461,5.146276364883729,4.44202126755562
4.794164150723775,5.14627648214342,4.442022009573968
4.79416444706409,5.146276598041183,4.442022744352825
4.7941647402386085,5.146276712592837,4.442023471962822
4.79416503028116,5.1462768258140095,4.442024192473903
4.794165317225183,5.1462769377201605,4.442024905955308
4.794165601103772,5.146277048326569,4.442025612475639
4.794165881949694,5.146277157648305,4.442026312102795
4.794166159795338,5.146277265700315,4.442027004904034
4.794166434672749,5.146277372497337,4.4420276909459435
4.7941667066136455,5.14627747805393,4.442028370294474
4.794166975649392,5.146277582384526,4.44202904301492
4.794167241811017,5.146277685503362,4.442029709171957
4.794167505129238,5.146277787424505,4.442030368829609
4.794167765634422,5.146277888161873,4.442031022051283
4.794168023356623,5.146277987729198,4.442031668899778
4.794168278325568,5.146278086140084,4.442032309437267
4.794168530570669,5.1462781834079525,4.442032943725313
4.794168780121026,5.146278279546087,4.4420335718248865
4.794169027005427,5.146278374567614,4.44203419379637
4.7941692712523425,5.146278468485499,4.442034809699559
4.794169512889969,5.146278561312548,4.4420354195936484
4.79416975194616,5.146278653061439,4.44203602353726
4.794169988448513,5.146278743744696,4.442036621588438
4.794170222424289,5.146278833374704,4.442037213804678
4.794170453900495,5.146278921963669,4.442037800242925
4.794170682903819,5.146279009523707,4.442038380959532
4.794170909460676,5.146279096066757,4.442038956010324
4.794171133597218,5.146279181604643,4.4420395254505785
4.794171355339299,5.146279266149038,4.4420400893350225
4.794171574712482,5.146279349711456,4.4420406477178656
4.7941717917420785,5.146279432303335,4.442041200652795
4.794172006453128,5.146279513935936,4.442041748192954
4.794172218870415,5.146279594620383,4.442042290390972
4.794172429018427,5.14627967436772,4.44204282729897
4.794172636921413,5.1462797531888045,4.442043358968553
4.794172842603347,5.146279831094404,4.442043885450835
4.794173046087966,5.14627990809515,4.44204440679642
4.79417324739873,5.1462799842015485,4.442044923055432
4.794173446558882,5.146280059423991,4.442045434277481
4.794173643591385,5.146280133772757,4.442045940511731
4.794173838518954,5.146280207257974,4.44204644180682
4.794174031364102,5.146280279889688,4.442046938210952
4.794174222149054,5.146280351677805,4.442047429771841
4.7941744108958355,5.146280422632115,4.442047916536742
4.794174597626217,5.146280492762307,4.4420483985524495
4.79417478236173,5.1462805620779655,4.442048875865273
4.794174965123694,5.146280630588531,4.442049348521128
4.794175145933194,5.146280698303374,4.442049816565431
4.7941753248110714,5.146280765231715,4.442050280043188
4.794175501777977,5.1462808313827155,4.442050738998929
4.794175676854325,5.146280896765388,4.442051193476783
4.7941758500603004,5.146280961388654,4.442051643520443
4.794176021415902,5.146281025261335,4.442052089173177
4.794176190940889,5.146281088392144,4.442052530477799
4.794176358654824,5.146281150789698,4.442052967476743
4.79417652457704,5.146281212462536,4.44205340021203
4.794176688726685,5.14628127341905,4.442053828725251
4.794176851122689,5.146281333667571,4.4420542530576
4.794177011783798,5.146281393216315,4.442054673249855
4.794177170728543,5.14628145207341,4.442055089342413
4.7941773279752615,5.1462815102469035,4.442055501375279
4.79417748354208,5.14628156774472,4.442055909388055
4.7941776374469445,5.14628162457473,4.442056313419959
4.794177789707632,5.146281680744655,4.442056713509844
4.794177940341689,5.146281736262183,4.442057109696154
4.794178089366501,5.146281791134883,4.442057502016996
4.794178236799248,5.146281845370258,4.442057890510052
4.794178382656951,5.146281898975701,4.442058275212683
4.794178526956426,5.146281951958528,4.442058656161884
4.7941786697143325,5.146282004325964,4.442059033394266
4.794178810947129,5.146282056085183,4.442059406946073
4.794178950671117,5.146282107243217,4.442059776853227
4.794179088902399,5.146282157807066,4.442060143151288
4.79417922565694,5.146282207783632,4.4420605058754825
4.7941793609505,5.146282257179724,4.442060865060663
4.794179494798696,5.146282306002086,4.442061220741364
4.794179627216964,5.146282354257395,4.442061572951779
4.794179758220581,5.146282401952236,4.442061921725743
4.794179887824668,5.146282449093103,4.442062267096811
4.79418001604417,5.146282495686434,4.442062609098173
4.7941801428938815,5.146282541738596,4.442062947762706
4.7941802683884305,5.146282587255865,4.44206328312296
4.794180392542289,5.146282632244467,4.442063615211188
4.794180515369781,5.146282676710542,4.442063944059303
4.794180636885089,5.146282720660146,4.4420642696989185
4.794180757102232,5.146282764099289,4.442064592161342
4.794180876035053,5.146282807033885,4.442064911477571
4.7941809936972986,5.146282849469815,4.442065227678294
4.7941811101025325,5.146282891412851,4.4420655407939
4.79418122526419,5.146282932868726,4.442065850854519
4.79418133919555,5.1462829738431,4.442066157889921
4.7941814519097505,5.146283014341564,4.442066461929667
4.794181563419806,5.146283054369648,4.44206676300295
4.794181673738575,5.146283093932812,4.442067061138722
4.794181782878766,5.146283133036458,4.44206735636563
4.794181890853012,5.146283171685924,4.442067648712075
4.794181997673737,5.146283209886482,4.44206793820614
4.794182103353271,5.146283247643346,4.442068224875671
4.794182207903803,5.146283284961683,4.4420685087482275
4.794182311337405,5.146283321846573,4.442068789851072
4.794182413666004,5.146283358303046,4.442069068211259
4.794182514901402,5.146283394336084,4.442069343855539
4.794182615055281,5.146283429950608,4.442069616810406
4.794182714139178,5.146283465151476,4.442069887102093
4.794182812164547,5.146283499943483,4.4420701547566
4.794182909142691,5.146283534331394,4.442070419799629
4.7941830050848,5.1462835683199,4.442070682256688
4.794183100001916,5.146283601913626,4.4420709421530065
4.794183193905026,5.146283635117174,4.442071199513552
4.794183286804943,5.146283667935069,4.4420714543630675
4.7941833787123835,5.146283700371796,4.442071706726069
4.794183469637965,5.146283732431765,4.442071956626787
4.79418355959216,5.146283764119353,4.442072204089273
4.794183648585359,5.146283795438899,4.442072449137306
4.79418373662781,5.146283826394681,4.442072691794429
4.794183823729691,5.146283856990922,4.442072932083993
4.794183909901041,5.146283887231794,4.442073170029075
4.794183995151791,5.146283917121424,4.442073405652577
4.794184079491791,5.146283946663881,4.442073638977134
4.794184162930764,5.146283975863218,4.442073870025172
4.794184245478333,5.146284004723403,4.4420740988189005
4.794184327144024,5.1462840332483895,4.442074325380332
4.794184407937259,5.146284061442061,4.4420745497312275
4.79418448786736,5.146284089308266,4.442074771893158
4.7941845669435414,5.146284116850796,4.4420749918874884
4.794184645174935,5.146284144073442,4.442075209735359
4.794184722570567,5.146284170979889,4.442075425457719
4.794184799139365,5.146284197573826,4.442075639075302
4.79418487489015,5.1462842238588795,4.442075850608644
4.794184949831675,5.146284249838639,4.4420760600780875
4.794185023972573,5.146284275516645,4.442076267503762
4.794185097321393,5.146284300896411,4.442076472905611
4.794185169886626,5.146284325981378,4.44207667630337
4.794185241676617,5.146284350774988,4.442076877716596
4.794185312699662,5.146284375280637,4.442077077164669
4.794185382963942,5.146284399501656,4.442077274666744
4.794185452477569,5.146284423441351,4.4420774702418155
4.794185521248565,5.146284447102993,4.442077663908668
4.794185589284853,5.1462844704898085,4.442077855685955
4.794185656594289,5.146284493604986,4.442078045592078
4.794185723184641,5.146284516451674,4.442078233645309
4.794185789063592,5.146284539033021,4.442078419863729
4.794185854238732,5.146284561352078,4.442078604265233
4.794185918717597,5.146284583411904,4.442078786867546
4.794185982507614,5.146284605215504,4.442078967688235
4.794186045616141,5.1462846267658495,4.4420791467446685
4.794186108050461,5.146284648065896,4.442079324054067
4.794186169817785,5.146284669118546,4.442079499633469
4.7941862309252326,5.146284689926673,4.442079673499752
4.79418629137985,5.146284710493118,4.442079845669645
4.794186351188603,5.146284730820686,4.442080016159684
4.794186410358411,5.1462847509121525,4.442080184986269
4.79418646889608,5.146284770770265,4.442080352165633
4.794186526808377,5.146284790397728,4.442080517713836
4.794186584101981,5.146284809797218,4.442080681646802
4.794186640783496,5.1462848289713845,4.442080843980291
4.79418669685947,5.146284847922841,4.442081004729901
4.794186752336371,5.146284866654179,4.442081163911085
4.794186807220598,5.1462848851679635,4.442081321539159
4.794186861518473,5.146284903466707,4.442081477629263
4.794186915236265,5.146284921552919,4.442081632196418
4.794186968380181,5.146284939429052,4.4420817852554615
4.7941870209563335,5.146284957097568,4.442081936821119
4.794187072970798,5.146284974560855,4.442082086907964
4.7941871244295795,5.146284991821311,4.442082235530423
4.794187175338606,5.146285008881293,4.44208238270278
4.794187225703764,5.146285025743124,4.442082528439184
4.794187275530854,5.1462850424091,4.442082672753644
4.794187324825629,5.146285058881513,4.442082815660049
4.794187373593763,5.146285075162587,4.442082957172116
4.794187421840894,5.1462850912545655,4.442083097303455
4.794187469572586,5.146285107159652,4.442083236067543
4.794187516794345,5.146285122879987,4.44208337347772
4.794187563511622,5.146285138417751,4.442083509547195
4.794187609729806,5.146285153775034,4.442083644289047
4.7941876554542295,5.146285168953934,4.442083777716225
4.794187700690159,5.146285183956537,4.442083909841568
4.794187745442817,5.146285198784887,4.442084040677776
4.79418778971736,5.146285213441003,4.442084170237406
4.794187833518912,5.146285227926898,4.442084298532938
4.794187876852514,5.146285242244529,4.442084425576689
4.794187919723167,5.146285256395878,4.442084551380885
4.794187962135831,5.146285270382854,4.442084675957608
4.794188004095373,5.146285284207364,4.442084799318854
4.794188045606665,5.146285297871322,4.442084921476467
4.794188086674461,5.146285311376559,4.442085042442193
4.794188127303517,5.146285324724936,4.442085162227669
4.794188167498527,5.146285337918281,4.4420852808443865
4.794188207264121,5.146285350958383,4.44208539830378
4.7941882466048895,5.1462853638470305,4.442085514617116
4.7941882855253555,5.146285376585983,4.442085629795586
4.794188324030034,5.146285389176955,4.4420857438502654
4.794188362123344,5.146285401621702,4.442085856792126
4.794188399809698,5.146285413921885,4.442085968632018
4.794188437093422,5.14628542607922,4.442086079380684
4.794188473978837,5.146285438095354,4.442086189048783
4.794188510470197,5.146285449971917,4.442086297646844
4.794188546571706,5.146285461710527,4.442086405185313
4.794188582287527,5.1462854733127985,4.442086511674544
4.7941886176217885,5.1462854847803,4.442086617124756
4.794188652578558,5.146285496114613,4.442086721546097
4.794188687161876,5.146285507317278,4.442086824948599
4.7941887213757255,5.146285518389829,4.442086927342209
4.794188755224052,5.146285529333772,4.442087028736768
4.794188788710761,5.146285540150614,4.442087129142017
4.794188821839724,5.1462855508417995,4.442087228567624
4.794188854614771,5.146285561408815,4.442087327023122
4.79418888703966,5.146285571853104,4.442087424517996
4.794188919118148,5.146285582176081,4.442087521061616
4.7941889508539255,5.146285592379158,4.442087616663262
4.794188982250656,5.14628560246372,4.442087711332125
4.79418901331198,5.146285612431153,4.442087805077299
4.794189044041452,5.146285622282813,4.442087897907804
4.7941890744426345,5.146285632020048,4.442087989832562
4.794189104519035,5.146285641644174,4.442088080860411
4.794189134274118,5.146285651156537,4.442088171000107
4.794189163711305,5.146285660558404,4.442088260260306
4.79418919283402,5.146285669851068,4.442088348649601
4.794189221645594,5.146285679035804,4.442088436176472
4.794189250149365,5.146285688113854,4.442088522849352
4.794189278348625,5.146285697086478,4.442088608676565
4.794189306246619,5.1462857059548766,4.442088693666366
4.7941893338465755,5.146285714720274,4.442088777826914
4.794189361151661,5.146285723383857,4.44208886116632
4.79418938816503,5.14628573194681,4.442088943692574
4.794189414889805,5.1462857404103115,4.442089025413617
4.794189441329088,5.146285748775508,4.4420891063373045
4.794189467485901,5.14628575704354,4.442089186471423
4.794189493363263,5.146285765215536,4.4420892658236815
4.794189518964177,5.146285773292614,4.44208934440169
4.794189544291589,5.146285781275885,4.442089422213013
4.794189569348416,5.146285789166443,4.442089499265131
4.794189594137552,5.146285796965328,4.442089575565449
4.794189618661865,5.146285804673636,4.442089651121307
4.794189642924161,5.14628581229241,4.44208972593997
4.794189666927261,5.146285819822702,4.442089800028635
4.7941896906739325,5.146285827265529,4.442089873394401
4.794189714166902,5.146285834621895,4.4420899460443435
4.794189737408889,5.146285841892821,4.44209001798543
4.794189760402569,5.146285849079304,4.44209008922459
4.7941897831506095,5.1462858561823195,4.442090159768678
4.794189805655621,5.146285863202827,4.442090229624459
4.794189827920209,5.146285870141798,4.442090298798666
4.794189849946926,5.146285877000163,4.442090367297927
4.794189871738322,5.146285883778872,4.442090435128853
4.794189893296921,5.146285890478854,4.442090502297944
4.794189914625191,5.146285897101004,4.442090568811663
4.794189935725607,5.146285903646242,4.442090634676404
4.7941899566005945,5.14628591011546,4.442090699898501
4.794189977252575,5.14628591650955,4.442090764484236
4.794189997683925,5.146285922829358,4.442090828439796
4.794190017896997,5.14628592907575,4.44209089177135
4.794190037894114,5.146285935249614,4.442090954484976
4.7941900576776035,5.146285941351753,4.442091016586693
4.7941900772497394,5.146285947383037,4.442091078082493
4.794190096612779,5.146285953344254,4.44209113897827
4.794190115768947,5.146285959236238,4.442091199279895
4.794190134720464,5.146285965059784,4.442091258993145
4.794190153469518,5.146285970815687,4.4420913181237704
4.794190172018268,5.146285976504731,4.442091376677471
4.794190190368849,5.146285982127702,4.442091434659856
4.7941902085234,5.146285987685369,4.442091492076505
4.794190226483992,5.1462859931784655,4.442091548932932
4.794190244252703,5.146285998607775,4.4420916052346175
4.794190261831586,5.146286003974012,4.4420916609869625
4.794190279222661,5.146286009277923,4.442091716195325
4.794190296427944,5.1462860145202285,4.442091770865033
4.794190313449411,5.146286019701641,4.442091825001317
4.794190330289038,5.1462860248228735,4.442091878609394
4.794190346948764,5.146286029884629,4.442091931694407
4.7941903634305065,5.146286034887592,4.442091984261477
4.794190379736179,5.146286039832436,4.442092036315649
4.794190395867641,5.14628604471986,4.442092087861928
4.7941904118267535,5.146286049550513,4.4420921389052594
4.794190427615379,5.146286054325059,4.4420921894505625
4.794190443235315,5.146286059044152,4.442092239502695
4.794190458688384,5.146286063708445,4.442092289066465
4.794190473976374,5.146286068318534,4.442092338146631
4.794190489101025,5.146286072875087,4.442092386747928
4.794190504064095,5.146286077378718,4.442092434875024
4.794190518867303,5.146286081830041,4.442092482532548
4.794190533512375,5.146286086229655,4.442092529725074
4.794190548000977,5.1462860905781795,4.442092576457135
4.794190562334797,5.146286094876194,4.442092622733213
4.794190576515483,5.146286099124288,4.44209266855779
4.794190590544668,5.146286103323029,4.44209271393525
4.79419060442397,5.146286107473012,4.442092758869973
4.794190618155007,5.146286111574778,4.442092803366252
4.794190631739341,5.146286115628912,4.442092847428387
4.794190645178556,5.146286119635967,4.442092891060601
4.7941906584741885,5.146286123596464,4.442092934267088
4.794190671627766,5.146286127510971,4.442092977052012
4.794190684640834,5.146286131380004,4.442093019419486
4.79419069751488,5.1462861352041,4.442093061373575
4.79419071025138,5.1462861389837835,4.442093102918313
4.794190722851814,5.146286142719557,4.442093144057709
4.794190735317627,5.146286146411945,4.442093184795691
4.794190747650271,5.146286150061444,4.442093225136203
4.79419075985116,5.146286153668554,4.442093265083107
4.794190771921693,5.146286157233778,4.442093304640249
4.794190783863268,5.146286160757565,4.442093343811428
4.794190795677283,5.146286164240437,4.44209338260041
4.794190807365072,5.146286167682856,4.442093421010929
4.794190818927998,5.146286171085289,4.442093459046679
4.794190830367386,5.1462861744482185,4.442093496711297
4.794190841684565,5.146286177772083,4.44209353400844
4.794190852880838,5.146286181057335,4.442093570941659
4.794190863957503,5.146286184304434,4.442093607514519
4.794190874915828,5.146286187513817,4.442093643730536
4.794190885757073,5.146286190685927,4.442093679593191
4.7941908964825135,5.1462861938211875,4.442093715105943
4.794190907093357,5.14628619692002,4.442093750272189
4.794190917590847,5.146286199982857,4.442093785095318
4.794190927976186,5.146286203010129,4.442093819578668
4.794190938250575,5.146286206002243,4.442093853725568
4.7941909484152,5.146286208959595,4.442093887539295
4.794190958471225,5.1462862118825985,4.442093921023097
4.794190968419818,5.146286214771649,4.442093954180195
4.7941909782621295,5.1462862176271456,4.44209398701377
4.794190987999292,5.146286220449474,4.442094019526995
4.794190997632427,5.14628622323903,4.442094051722981
4.794191007162651,5.1462862259961835,4.442094083604841
4.7941910165910695,5.146286228721312,4.442094115175614
4.794191025918734,5.1462862314147895,4.442094146438352
4.794191035146763,5.146286234076984,4.442094177396051
4.794191044276191,5.146286236708251,4.442094208051712
4.794191053308099,5.1462862393089654,4.442094238408249
4.794191062243501,5.146286241879471,4.442094268468595
4.794191071083461,5.14628624442011,4.442094298235637
4.794191079828977,5.146286246931247,4.442094327712252
4.794191088481056,5.146286249413205,4.442094356901258
4.794191097040705,5.146286251866345,4.442094385805458
4.794191105508896,5.146286254290991,4.442094414427643
4.794191113886629,5.14628625668747,4.442094442770568
4.794191122174853,5.146286259056107,4.442094470836944
4.794191130374533,5.146286261397244,4.442094498629473
4.794191138486602,5.14628626371119,4.442094526150826
4.794191146512024,5.146286265998248,4.4420945534036615
4.794191154451689,5.146286268258741,4.442094580390581
4.794191162306546,5.146286270492985,4.442094607114184
4.794191170077489,5.146286272701289,4.442094633577054
4.794191177765409,5.1462862748839315,4.442094659781712
4.794191185371191,5.1462862770412245,4.442094685730695
4.794191192895722,5.146286279173455,4.442094711426498
4.7941912003398555,5.146286281280915,4.442094736871583
4.794191207704481,5.1462862833638985,4.442094762068394
4.794191214990404,5.146286285422688,4.442094787019359
4.794191222198495,5.146286287457564,4.442094811726866
4.79419122932958,5.146286289468805,4.4420948361933075
4.7941912363844805,5.146286291456697,4.44209486042103
4.794191243364006,5.146286293421486,4.442094884412369
4.794191250268974,5.14628629536345,4.442094908169612
4.794191257100169,5.14628629728287,4.4420949316950535
4.794191263858393,5.146286299180001,4.442094954990953
4.79419127054441,5.146286301055101,4.4420949780595596
4.79419127715899,5.146286302908421,4.442095000903074
4.7941912837029,5.146286304740207,4.442095023523703
4.7941912901769,5.146286306550712,4.4420950459236295
4.794191296581742,5.1462863083401835,4.442095068104995
4.794191302918158,5.146286310108882,4.442095090069934
4.794191309186862,5.146286311857033,4.442095111820567
4.794191315388609,5.146286313584866,4.442095133358979
4.794191321524096,5.146286315292642,4.442095154687234
4.794191327594041,5.14628631698059,4.442095175807384
4.794191333599139,5.146286318648931,4.442095196721469
4.7941913395400775,5.146286320297894,4.442095217431504
4.794191345417551,5.146286321927693,4.442095237939458
4.7941913512322385,5.146286323538569,4.442095258247301
4.794191356984796,5.14628632513073,4.442095278357017
4.794191362675889,5.146286326704401,4.44209529827051
4.794191368306183,5.146286328259792,4.4420953179897085
4.794191373876333,5.146286329797112,4.442095337516504
4.794191379386976,5.1462863313165785,4.442095356852774
4.794191384838742,5.14628633281839,4.442095376000384
4.794191390232269,5.146286334302761,4.4420953949611635
4.794191395568171,5.146286335769884,4.442095413736945
4.7941914008470725,5.146286337219972,4.442095432329529
4.794191406069574,5.146286338653232,4.4420954507407
4.7941914112362705,5.146286340069825,4.442095468972229
4.794191416347787,5.146286341469976,4.44209548702588
4.794191421404682,5.146286342853862,4.442095504903369
4.794191426407561,5.146286344221668,4.442095522606441
4.79419143135699,5.1462863455735866,4.442095540136773
4.79419143625353,5.146286346909801,4.442095557496064
4.794191441097773,5.146286348230503,4.442095574685984
4.794191445890252,5.146286349535868,4.442095591708163
4.7941914506315335,5.146286350826063,4.442095608564271
4.794191455322156,5.1462863521012725,4.442095625255907
4.7941914599626685,5.14628635336167,4.442095641784681
4.794191464553607,5.146286354607426,4.4420956581521915
4.794191469095495,5.14628635583871,4.442095674359989
4.79419147358887,5.146286357055696,4.442095690409646
4.794191478034228,5.146286358258559,4.442095706302723
4.794191482432104,5.146286359447431,4.442095722040708
4.794191486782988,5.1462863606225,4.442095737625148
4.794191491087391,5.146286361783928,4.442095753057534
4.794191495345806,5.146286362931857,4.442095768339334
4.794191499558731,5.146286364066449,4.44209578347203
4.79419150372664,5.146286365187867,4.442095798457068
4.794191507850028,5.146286366296265,4.442095813295908
4.794191511929361,5.146286367391781,4.442095827989953
4.79419151596511,5.146286368474586,4.44209584254064
4.794191519957748,5.1462863695448045,4.442095856949347
4.794191523907742,5.146286370602589,4.442095871217459
4.794191527815518,5.14628637164809,4.442095885346367
4.794191531681547,5.146286372681449,4.442095899337411
4.794191535506288,5.146286373702802,4.442095913191945
4.794191539290171,5.146286374712289,4.442095926911299
4.794191543033612,5.146286375710053,4.442095940496805
4.794191546737061,5.14628637669623,4.4420959539497415
4.794191550400943,5.146286377670956,4.442095967271424
4.794191554025678,5.146286378634358,4.442095980463128
4.794191557611692,5.146286379586572,4.442095993526114
4.7941915611594075,5.146286380527724,4.442096006461642
4.794191564669211,5.14628638145794,4.442096019270946
4.794191568141515,5.14628638237736,4.442096031955287
4.794191571576729,5.146286383286078,4.442096044515854
4.794191574975242,5.14628638418427,4.442096056953865
4.794191578337449,5.146286385072014,4.442096069270528
4.794191581663736,5.146286385949453,4.442096081467001
4.794191584954488,5.146286386816694,4.442096093544478
4.794191588210081,5.1462863876738565,4.442096105504127
4.794191591430893,5.146286388521073,4.44209611734708
4.794191594617293,5.146286389358448,4.44209612907447
4.7941915977696565,5.146286390186093,4.442096140687442
4.794191600888336,5.146286391004123,4.442096152187097
4.794191603973703,5.146286391812658,4.442096163574555
4.794191607026092,5.1462863926118025,4.442096174850901
4.794191610045877,5.146286393401649,4.442096186017227
4.794191613033408,5.14628639418233,4.442096197074598
4.794191615989014,5.146286394953947,4.442096208024086
4.7941916189130565,5.146286395716596,4.442096218866726
4.794191621805847,5.146286396470392,4.442096229603584
4.794191624667743,5.146286397215431,4.442096240235686
4.794191627499054,5.14628639795181,4.442096250764045
4.7941916303001175,5.146286398679645,4.442096261189675
4.794191633071258,5.14628639939902,4.442096271513578
4.794191635812787,5.146286400110037,4.442096281736745
4.794191638525041,5.1462864008128015,4.442096291860181
4.794191641208295,5.1462864015074,4.442096301884834
4.794191643862901,5.14628640219392,4.442096311811675
4.794191646489143,5.146286402872471,4.4420963216416665
4.79419164908732,5.146286403543141,4.44209633137573
4.794191651657744,5.146286404206018,4.442096341014821
4.794191654200706,5.146286404861198,4.442096350559865
4.794191656716492,5.146286405508766,4.442096360011772
4.7941916592054055,5.14628640614882,4.442096369371464
4.794191661667734,5.146286406781436,4.442096378639817
4.794191664103759,5.146286407406712,4.442096387817753
4.794191666513761,5.146286408024727,4.442096396906138
4.7941916688980175,5.146286408635546,4.442096405905845
4.794191671256789,5.146286409239282,4.4420964148177395
4.794191673590365,5.146286409835998,4.442096423642681
4.794191675899002,5.146286410425783,4.4420964323815095
4.794191678182976,5.146286411008715,4.4420964410350745
4.794191680442542,5.146286411584885,4.442096449604209
4.794191682677983,5.14628641215436,4.442096458089726
4.794191684889553,5.146286412717216,4.442096466492448
4.794191687077477,5.146286413273532,4.442096474813197
4.794191689242033,5.146286413823382,4.4420964830527545
4.794191691383459,5.146286414366852,4.442096491211922
4.794191693502005,5.146286414904005,4.442096499291475
4.794191695597922,5.146286415434929,4.442096507292192
4.794191697671448,5.146286415959689,4.442096515214847
4.7941916997228216,5.146286416478348,4.442096523060199
4.794191701752279,5.1462864169909865,4.442096530829008
4.794191703760061,5.146286417497671,4.442096538522009
4.7941917057463765,5.146286417998466,4.442096546139947
4.794191707711479,5.146286418493448,4.442096553683556
4.794191709655585,5.146286418982667,4.442096561153572
4.794191711578927,5.146286419466211,4.442096568550689
4.794191713481714,5.146286419944128,4.442096575875641
4.794191715364175,5.146286420416502,4.442096583129122
4.79419171722653,5.146286420883386,4.442096590311817
4.794191719068983,5.146286421344845,4.4420965974244515
4.7941917208917575,5.1462864218009505,4.4420966044676735
4.794191722695053,5.146286422251771,4.44209661144218
4.794191724479081,5.146286422697341,4.4420966183486295
4.794191726244056,5.146286423137735,4.442096625187704
4.79419172799016,5.146286423573008,4.442096631960032
4.794191729717622,5.146286424003228,4.442096638666293
4.794191731426623,5.146286424428458,4.442096645307115
4.794191733117371,5.146286424848738,4.442096651883138
4.794191734790051,5.146286425264133,4.442096658395004
4.794191736444865,5.146286425674716,4.44209666484333
4.794191738081997,5.146286426080524,4.442096671228734
4.794191739701641,5.146286426481621,4.442096677551834
4.7941917413039805,5.14628642687805,4.442096683813251
4.7941917428892,5.14628642726988,4.442096690013567
4.794191744457482,5.1462864276571505,4.442096696153392
4.794191746009005,5.146286428039931,4.442096702233299
4.7941917475439615,5.146286428418272,4.442096708253894
4.7941917490625165,5.146286428792211,4.442096714215741
4.79419175056484,5.1462864291617985,4.442096720119418
4.794191752051127,5.146286429527111,4.442096725965489
4.794191753521529,5.146286429888168,4.442096731754523
4.794191754976217,5.146286430245029,4.442096737487063
4.79419175641536,5.1462864305977485,4.442096743163681
4.794191757839133,5.146286430946366,4.442096748784907
4.794191759247703,5.146286431290936,4.442096754351288
4.794191760641215,5.146286431631505,4.442096759863353
4.794191762019846,5.146286431968117,4.442096765321644
4.794191763383743,5.146286432300828,4.442096770726669
4.794191764733076,5.146286432629663,4.442096776078958
4.7941917660679865,5.146286432954681,4.442096781379024
4.794191767388638,5.146286433275928,4.4420967866273795
4.794191768695179,5.146286433593433,4.442096791824519
4.794191769987763,5.146286433907257,4.442096796970959
4.794191771266543,5.146286434217438,4.442096802067185
4.794191772531653,5.146286434524025,4.4420968071136775
4.794191773783238,5.146286434827046,4.442096812110934
4.794191775021451,5.146286435126538,4.442096817059433
4.794191776246443,5.146286435422546,4.442096821959651
4.794191777458355,5.146286435715107,4.442096826812048
4.794191778657324,5.146286436004284,4.442096831617107
4.79419177984346,5.146286436290105,4.442096836375272
4.794191781016934,5.146286436572604,4.442096841087019
4.794191782177883,5.146286436851818,4.442096845752791
4.794191783326421,5.146286437127785,4.442096850373036
4.794191784462696,5.146286437400547,4.442096854948202
4.7941917855868095,5.146286437670145,4.442096859478724
4.794191786698925,5.14628643793661,4.442096863965052
4.79419178779916,5.146286438199976,4.442096868407596
